run,task,partition,threshold,n,tp,fp,tn,fn,accuracy,balanced_accuracy,sensitivity,specificity,positive_precision,positive_f1,n_predicted_positive,is_primary_selected,is_secondary_selected
full_multimodal,er,val,0.01,159,125,34,0,0,0.7861635220125787,0.5,1.0,0.0,0.7861635220125787,0.8802816901408451,159,False,False
full_multimodal,er,val,0.02,159,125,34,0,0,0.7861635220125787,0.5,1.0,0.0,0.7861635220125787,0.8802816901408451,159,False,False
full_multimodal,er,val,0.03,159,125,34,0,0,0.7861635220125787,0.5,1.0,0.0,0.7861635220125787,0.8802816901408451,159,False,False
full_multimodal,er,val,0.04,159,125,34,0,0,0.7861635220125787,0.5,1.0,0.0,0.7861635220125787,0.8802816901408451,159,False,False
full_multimodal,er,val,0.05,159,125,34,0,0,0.7861635220125787,0.5,1.0,0.0,0.7861635220125787,0.8802816901408451,159,False,False
full_multimodal,er,val,0.06,159,125,34,0,0,0.7861635220125787,0.5,1.0,0.0,0.7861635220125787,0.8802816901408451,159,False,False
full_multimodal,er,val,0.07,159,125,34,0,0,0.7861635220125787,0.5,1.0,0.0,0.7861635220125787,0.8802816901408451,159,False,False
full_multimodal,er,val,0.08,159,125,34,0,0,0.7861635220125787,0.5,1.0,0.0,0.7861635220125787,0.8802816901408451,159,False,False
full_multimodal,er,val,0.09,159,125,34,0,0,0.7861635220125787,0.5,1.0,0.0,0.7861635220125787,0.8802816901408451,159,False,False
full_multimodal,er,val,0.1,159,125,34,0,0,0.7861635220125787,0.5,1.0,0.0,0.7861635220125787,0.8802816901408451,159,False,False
full_multimodal,er,val,0.11,159,125,34,0,0,0.7861635220125787,0.5,1.0,0.0,0.7861635220125787,0.8802816901408451,159,False,False
full_multimodal,er,val,0.12,159,125,34,0,0,0.7861635220125787,0.5,1.0,0.0,0.7861635220125787,0.8802816901408451,159,False,False
full_multimodal,er,val,0.13,159,125,34,0,0,0.7861635220125787,0.5,1.0,0.0,0.7861635220125787,0.8802816901408451,159,False,False
full_multimodal,er,val,0.14,159,125,34,0,0,0.7861635220125787,0.5,1.0,0.0,0.7861635220125787,0.8802816901408451,159,False,False
full_multimodal,er,val,0.15,159,125,34,0,0,0.7861635220125787,0.5,1.0,0.0,0.7861635220125787,0.8802816901408451,159,False,False
full_multimodal,er,val,0.16,159,125,34,0,0,0.7861635220125787,0.5,1.0,0.0,0.7861635220125787,0.8802816901408451,159,False,False
full_multimodal,er,val,0.17,159,125,34,0,0,0.7861635220125787,0.5,1.0,0.0,0.7861635220125787,0.8802816901408451,159,False,False
full_multimodal,er,val,0.18,159,125,34,0,0,0.7861635220125787,0.5,1.0,0.0,0.7861635220125787,0.8802816901408451,159,False,False
full_multimodal,er,val,0.19,159,125,34,0,0,0.7861635220125787,0.5,1.0,0.0,0.7861635220125787,0.8802816901408451,159,False,False
full_multimodal,er,val,0.2,159,125,34,0,0,0.7861635220125787,0.5,1.0,0.0,0.7861635220125787,0.8802816901408451,159,False,False
full_multimodal,er,val,0.21,159,125,34,0,0,0.7861635220125787,0.5,1.0,0.0,0.7861635220125787,0.8802816901408451,159,False,False
full_multimodal,er,val,0.22,159,125,34,0,0,0.7861635220125787,0.5,1.0,0.0,0.7861635220125787,0.8802816901408451,159,False,False
full_multimodal,er,val,0.23,159,125,34,0,0,0.7861635220125787,0.5,1.0,0.0,0.7861635220125787,0.8802816901408451,159,False,False
full_multimodal,er,val,0.24,159,125,34,0,0,0.7861635220125787,0.5,1.0,0.0,0.7861635220125787,0.8802816901408451,159,False,False
full_multimodal,er,val,0.25,159,125,34,0,0,0.7861635220125787,0.5,1.0,0.0,0.7861635220125787,0.8802816901408451,159,False,False
full_multimodal,er,val,0.26,159,125,34,0,0,0.7861635220125787,0.5,1.0,0.0,0.7861635220125787,0.8802816901408451,159,False,False
full_multimodal,er,val,0.27,159,125,34,0,0,0.7861635220125787,0.5,1.0,0.0,0.7861635220125787,0.8802816901408451,159,False,False
full_multimodal,er,val,0.28,159,125,34,0,0,0.7861635220125787,0.5,1.0,0.0,0.7861635220125787,0.8802816901408451,159,False,False
full_multimodal,er,val,0.29,159,124,24,10,1,0.8427672955974843,0.6430588235294118,0.992,0.29411764705882354,0.8378378378378378,0.9084249084249085,148,False,False
full_multimodal,er,val,0.3,159,122,18,16,3,0.8679245283018868,0.7232941176470589,0.976,0.47058823529411764,0.8714285714285714,0.920754716981132,140,False,False
full_multimodal,er,val,0.31,159,122,17,17,3,0.8742138364779874,0.738,0.976,0.5,0.8776978417266187,0.9242424242424243,139,False,False
full_multimodal,er,val,0.32,159,121,14,20,4,0.8867924528301887,0.7781176470588236,0.968,0.5882352941176471,0.8962962962962963,0.9307692307692307,135,False,False
full_multimodal,er,val,0.33,159,121,12,22,4,0.89937106918239,0.8075294117647058,0.968,0.6470588235294118,0.9097744360902256,0.937984496124031,133,False,False
full_multimodal,er,val,0.34,159,121,11,23,4,0.9056603773584906,0.8222352941176471,0.968,0.6764705882352942,0.9166666666666666,0.9416342412451363,132,False,False
full_multimodal,er,val,0.35,159,121,9,25,4,0.9182389937106918,0.8516470588235294,0.968,0.7352941176470589,0.9307692307692308,0.9490196078431372,130,False,False
full_multimodal,er,val,0.36,159,121,8,26,4,0.9245283018867925,0.8663529411764705,0.968,0.7647058823529411,0.937984496124031,0.952755905511811,129,False,False
full_multimodal,er,val,0.37,159,121,8,26,4,0.9245283018867925,0.8663529411764705,0.968,0.7647058823529411,0.937984496124031,0.952755905511811,129,False,False
full_multimodal,er,val,0.38,159,121,7,27,4,0.9308176100628931,0.8810588235294117,0.968,0.7941176470588235,0.9453125,0.9565217391304348,128,False,False
full_multimodal,er,val,0.39,159,120,7,27,5,0.9245283018867925,0.8770588235294117,0.96,0.7941176470588235,0.9448818897637795,0.9523809523809523,127,False,False
full_multimodal,er,val,0.4,159,119,7,27,6,0.9182389937106918,0.8730588235294117,0.952,0.7941176470588235,0.9444444444444444,0.9482071713147411,126,False,False
full_multimodal,er,val,0.41,159,118,5,29,7,0.9245283018867925,0.8984705882352941,0.944,0.8529411764705882,0.959349593495935,0.9516129032258064,123,False,False
full_multimodal,er,val,0.42,159,118,5,29,7,0.9245283018867925,0.8984705882352941,0.944,0.8529411764705882,0.959349593495935,0.9516129032258064,123,False,False
full_multimodal,er,val,0.43,159,118,3,31,7,0.9371069182389937,0.9278823529411764,0.944,0.9117647058823529,0.9752066115702479,0.959349593495935,121,False,False
full_multimodal,er,val,0.44,159,118,3,31,7,0.9371069182389937,0.9278823529411764,0.944,0.9117647058823529,0.9752066115702479,0.959349593495935,121,False,False
full_multimodal,er,val,0.45,159,118,3,31,7,0.9371069182389937,0.9278823529411764,0.944,0.9117647058823529,0.9752066115702479,0.959349593495935,121,False,False
full_multimodal,er,val,0.46,159,118,3,31,7,0.9371069182389937,0.9278823529411764,0.944,0.9117647058823529,0.9752066115702479,0.959349593495935,121,False,False
full_multimodal,er,val,0.47,159,118,3,31,7,0.9371069182389937,0.9278823529411764,0.944,0.9117647058823529,0.9752066115702479,0.959349593495935,121,False,False
full_multimodal,er,val,0.48,159,118,3,31,7,0.9371069182389937,0.9278823529411764,0.944,0.9117647058823529,0.9752066115702479,0.959349593495935,121,False,False
full_multimodal,er,val,0.49,159,118,3,31,7,0.9371069182389937,0.9278823529411764,0.944,0.9117647058823529,0.9752066115702479,0.959349593495935,121,False,False
full_multimodal,er,val,0.5,159,118,3,31,7,0.9371069182389937,0.9278823529411764,0.944,0.9117647058823529,0.9752066115702479,0.959349593495935,121,True,True
full_multimodal,er,val,0.51,159,118,3,31,7,0.9371069182389937,0.9278823529411764,0.944,0.9117647058823529,0.9752066115702479,0.959349593495935,121,False,False
full_multimodal,er,val,0.52,159,118,3,31,7,0.9371069182389937,0.9278823529411764,0.944,0.9117647058823529,0.9752066115702479,0.959349593495935,121,False,False
full_multimodal,er,val,0.53,159,118,3,31,7,0.9371069182389937,0.9278823529411764,0.944,0.9117647058823529,0.9752066115702479,0.959349593495935,121,False,False
full_multimodal,er,val,0.54,159,118,3,31,7,0.9371069182389937,0.9278823529411764,0.944,0.9117647058823529,0.9752066115702479,0.959349593495935,121,False,False
full_multimodal,er,val,0.55,159,117,3,31,8,0.9308176100628931,0.9238823529411765,0.936,0.9117647058823529,0.975,0.9551020408163265,120,False,False
full_multimodal,er,val,0.56,159,117,3,31,8,0.9308176100628931,0.9238823529411765,0.936,0.9117647058823529,0.975,0.9551020408163265,120,False,False
full_multimodal,er,val,0.57,159,117,3,31,8,0.9308176100628931,0.9238823529411765,0.936,0.9117647058823529,0.975,0.9551020408163265,120,False,False
full_multimodal,er,val,0.58,159,117,3,31,8,0.9308176100628931,0.9238823529411765,0.936,0.9117647058823529,0.975,0.9551020408163265,120,False,False
full_multimodal,er,val,0.59,159,117,3,31,8,0.9308176100628931,0.9238823529411765,0.936,0.9117647058823529,0.975,0.9551020408163265,120,False,False
full_multimodal,er,val,0.6,159,116,3,31,9,0.9245283018867925,0.9198823529411765,0.928,0.9117647058823529,0.9747899159663865,0.9508196721311476,119,False,False
full_multimodal,er,val,0.61,159,116,3,31,9,0.9245283018867925,0.9198823529411765,0.928,0.9117647058823529,0.9747899159663865,0.9508196721311476,119,False,False
full_multimodal,er,val,0.62,159,116,3,31,9,0.9245283018867925,0.9198823529411765,0.928,0.9117647058823529,0.9747899159663865,0.9508196721311476,119,False,False
full_multimodal,er,val,0.63,159,116,3,31,9,0.9245283018867925,0.9198823529411765,0.928,0.9117647058823529,0.9747899159663865,0.9508196721311476,119,False,False
full_multimodal,er,val,0.64,159,116,3,31,9,0.9245283018867925,0.9198823529411765,0.928,0.9117647058823529,0.9747899159663865,0.9508196721311476,119,False,False
full_multimodal,er,val,0.65,159,116,3,31,9,0.9245283018867925,0.9198823529411765,0.928,0.9117647058823529,0.9747899159663865,0.9508196721311476,119,False,False
full_multimodal,er,val,0.66,159,116,3,31,9,0.9245283018867925,0.9198823529411765,0.928,0.9117647058823529,0.9747899159663865,0.9508196721311476,119,False,False
full_multimodal,er,val,0.67,159,116,3,31,9,0.9245283018867925,0.9198823529411765,0.928,0.9117647058823529,0.9747899159663865,0.9508196721311476,119,False,False
full_multimodal,er,val,0.68,159,116,3,31,9,0.9245283018867925,0.9198823529411765,0.928,0.9117647058823529,0.9747899159663865,0.9508196721311476,119,False,False
full_multimodal,er,val,0.69,159,116,3,31,9,0.9245283018867925,0.9198823529411765,0.928,0.9117647058823529,0.9747899159663865,0.9508196721311476,119,False,False
full_multimodal,er,val,0.7,159,115,3,31,10,0.9182389937106918,0.9158823529411765,0.92,0.9117647058823529,0.9745762711864406,0.9465020576131686,118,False,False
full_multimodal,er,val,0.71,159,115,3,31,10,0.9182389937106918,0.9158823529411765,0.92,0.9117647058823529,0.9745762711864406,0.9465020576131686,118,False,False
full_multimodal,er,val,0.72,159,115,3,31,10,0.9182389937106918,0.9158823529411765,0.92,0.9117647058823529,0.9745762711864406,0.9465020576131686,118,False,False
full_multimodal,er,val,0.73,159,115,3,31,10,0.9182389937106918,0.9158823529411765,0.92,0.9117647058823529,0.9745762711864406,0.9465020576131686,118,False,False
full_multimodal,er,val,0.74,159,115,3,31,10,0.9182389937106918,0.9158823529411765,0.92,0.9117647058823529,0.9745762711864406,0.9465020576131686,118,False,False
full_multimodal,er,val,0.75,159,115,3,31,10,0.9182389937106918,0.9158823529411765,0.92,0.9117647058823529,0.9745762711864406,0.9465020576131686,118,False,False
full_multimodal,er,val,0.76,159,113,3,31,12,0.9056603773584906,0.9078823529411765,0.904,0.9117647058823529,0.9741379310344828,0.9377593360995852,116,False,False
full_multimodal,er,val,0.77,159,111,2,32,14,0.89937106918239,0.9145882352941177,0.888,0.9411764705882353,0.9823008849557522,0.9327731092436975,113,False,False
full_multimodal,er,val,0.78,159,111,2,32,14,0.89937106918239,0.9145882352941177,0.888,0.9411764705882353,0.9823008849557522,0.9327731092436975,113,False,False
full_multimodal,er,val,0.79,159,110,2,32,15,0.8930817610062893,0.9105882352941177,0.88,0.9411764705882353,0.9821428571428571,0.9282700421940928,112,False,False
full_multimodal,er,val,0.8,159,108,2,32,17,0.8805031446540881,0.9025882352941177,0.864,0.9411764705882353,0.9818181818181818,0.9191489361702128,110,False,False
full_multimodal,er,val,0.81,159,101,2,32,24,0.8364779874213837,0.8745882352941177,0.808,0.9411764705882353,0.9805825242718447,0.8859649122807018,103,False,False
full_multimodal,er,val,0.82,159,98,2,32,27,0.8176100628930818,0.8625882352941177,0.784,0.9411764705882353,0.98,0.8711111111111111,100,False,False
full_multimodal,er,val,0.83,159,94,2,32,31,0.7924528301886793,0.8465882352941176,0.752,0.9411764705882353,0.9791666666666666,0.8506787330316741,96,False,False
full_multimodal,er,val,0.84,159,82,2,32,43,0.7169811320754716,0.7985882352941176,0.656,0.9411764705882353,0.9761904761904762,0.784688995215311,84,False,False
full_multimodal,er,val,0.85,159,75,2,32,50,0.6729559748427673,0.7705882352941176,0.6,0.9411764705882353,0.974025974025974,0.7425742574257426,77,False,False
full_multimodal,er,val,0.86,159,56,2,32,69,0.5534591194968553,0.6945882352941176,0.448,0.9411764705882353,0.9655172413793104,0.6120218579234973,58,False,False
full_multimodal,er,val,0.87,159,41,2,32,84,0.4591194968553459,0.6345882352941177,0.328,0.9411764705882353,0.9534883720930233,0.48809523809523814,43,False,False
full_multimodal,er,val,0.88,159,18,2,32,107,0.31446540880503143,0.5425882352941176,0.144,0.9411764705882353,0.9,0.24827586206896549,20,False,False
full_multimodal,er,val,0.89,159,0,0,34,125,0.2138364779874214,0.5,0.0,1.0,0.0,0.0,0,False,False
full_multimodal,er,val,0.9,159,0,0,34,125,0.2138364779874214,0.5,0.0,1.0,0.0,0.0,0,False,False
full_multimodal,er,val,0.91,159,0,0,34,125,0.2138364779874214,0.5,0.0,1.0,0.0,0.0,0,False,False
full_multimodal,er,val,0.92,159,0,0,34,125,0.2138364779874214,0.5,0.0,1.0,0.0,0.0,0,False,False
full_multimodal,er,val,0.93,159,0,0,34,125,0.2138364779874214,0.5,0.0,1.0,0.0,0.0,0,False,False
full_multimodal,er,val,0.94,159,0,0,34,125,0.2138364779874214,0.5,0.0,1.0,0.0,0.0,0,False,False
full_multimodal,er,val,0.95,159,0,0,34,125,0.2138364779874214,0.5,0.0,1.0,0.0,0.0,0,False,False
full_multimodal,er,val,0.96,159,0,0,34,125,0.2138364779874214,0.5,0.0,1.0,0.0,0.0,0,False,False
full_multimodal,er,val,0.97,159,0,0,34,125,0.2138364779874214,0.5,0.0,1.0,0.0,0.0,0,False,False
full_multimodal,er,val,0.98,159,0,0,34,125,0.2138364779874214,0.5,0.0,1.0,0.0,0.0,0,False,False
full_multimodal,er,val,0.99,159,0,0,34,125,0.2138364779874214,0.5,0.0,1.0,0.0,0.0,0,False,False
full_multimodal,pr,val,0.01,158,108,50,0,0,0.6835443037974683,0.5,1.0,0.0,0.6835443037974683,0.8120300751879699,158,False,False
full_multimodal,pr,val,0.02,158,108,50,0,0,0.6835443037974683,0.5,1.0,0.0,0.6835443037974683,0.8120300751879699,158,False,False
full_multimodal,pr,val,0.03,158,108,50,0,0,0.6835443037974683,0.5,1.0,0.0,0.6835443037974683,0.8120300751879699,158,False,False
full_multimodal,pr,val,0.04,158,108,50,0,0,0.6835443037974683,0.5,1.0,0.0,0.6835443037974683,0.8120300751879699,158,False,False
full_multimodal,pr,val,0.05,158,108,50,0,0,0.6835443037974683,0.5,1.0,0.0,0.6835443037974683,0.8120300751879699,158,False,False
full_multimodal,pr,val,0.06,158,108,50,0,0,0.6835443037974683,0.5,1.0,0.0,0.6835443037974683,0.8120300751879699,158,False,False
full_multimodal,pr,val,0.07,158,108,50,0,0,0.6835443037974683,0.5,1.0,0.0,0.6835443037974683,0.8120300751879699,158,False,False
full_multimodal,pr,val,0.08,158,108,50,0,0,0.6835443037974683,0.5,1.0,0.0,0.6835443037974683,0.8120300751879699,158,False,False
full_multimodal,pr,val,0.09,158,108,50,0,0,0.6835443037974683,0.5,1.0,0.0,0.6835443037974683,0.8120300751879699,158,False,False
full_multimodal,pr,val,0.1,158,108,50,0,0,0.6835443037974683,0.5,1.0,0.0,0.6835443037974683,0.8120300751879699,158,False,False
full_multimodal,pr,val,0.11,158,108,50,0,0,0.6835443037974683,0.5,1.0,0.0,0.6835443037974683,0.8120300751879699,158,False,False
full_multimodal,pr,val,0.12,158,108,50,0,0,0.6835443037974683,0.5,1.0,0.0,0.6835443037974683,0.8120300751879699,158,False,False
full_multimodal,pr,val,0.13,158,108,50,0,0,0.6835443037974683,0.5,1.0,0.0,0.6835443037974683,0.8120300751879699,158,False,False
full_multimodal,pr,val,0.14,158,108,50,0,0,0.6835443037974683,0.5,1.0,0.0,0.6835443037974683,0.8120300751879699,158,False,False
full_multimodal,pr,val,0.15,158,108,50,0,0,0.6835443037974683,0.5,1.0,0.0,0.6835443037974683,0.8120300751879699,158,False,False
full_multimodal,pr,val,0.16,158,108,50,0,0,0.6835443037974683,0.5,1.0,0.0,0.6835443037974683,0.8120300751879699,158,False,False
full_multimodal,pr,val,0.17,158,108,50,0,0,0.6835443037974683,0.5,1.0,0.0,0.6835443037974683,0.8120300751879699,158,False,False
full_multimodal,pr,val,0.18,158,108,50,0,0,0.6835443037974683,0.5,1.0,0.0,0.6835443037974683,0.8120300751879699,158,False,False
full_multimodal,pr,val,0.19,158,108,50,0,0,0.6835443037974683,0.5,1.0,0.0,0.6835443037974683,0.8120300751879699,158,False,False
full_multimodal,pr,val,0.2,158,108,50,0,0,0.6835443037974683,0.5,1.0,0.0,0.6835443037974683,0.8120300751879699,158,False,False
full_multimodal,pr,val,0.21,158,107,49,1,1,0.6835443037974683,0.5053703703703704,0.9907407407407407,0.02,0.6858974358974359,0.8106060606060607,156,False,False
full_multimodal,pr,val,0.22,158,107,48,2,1,0.689873417721519,0.5153703703703704,0.9907407407407407,0.04,0.6903225806451613,0.8136882129277566,155,False,False
full_multimodal,pr,val,0.23,158,107,42,8,1,0.7278481012658228,0.5753703703703703,0.9907407407407407,0.16,0.7181208053691275,0.8326848249027237,149,False,False
full_multimodal,pr,val,0.24,158,105,30,20,3,0.7911392405063291,0.6861111111111111,0.9722222222222222,0.4,0.7777777777777778,0.8641975308641976,135,False,False
full_multimodal,pr,val,0.25,158,105,26,24,3,0.8164556962025317,0.7261111111111112,0.9722222222222222,0.48,0.8015267175572519,0.8786610878661087,131,False,False
full_multimodal,pr,val,0.26,158,105,26,24,3,0.8164556962025317,0.7261111111111112,0.9722222222222222,0.48,0.8015267175572519,0.8786610878661087,131,False,False
full_multimodal,pr,val,0.27,158,105,25,25,3,0.8227848101265823,0.7361111111111112,0.9722222222222222,0.5,0.8076923076923077,0.8823529411764707,130,False,False
full_multimodal,pr,val,0.28,158,105,25,25,3,0.8227848101265823,0.7361111111111112,0.9722222222222222,0.5,0.8076923076923077,0.8823529411764707,130,False,False
full_multimodal,pr,val,0.29,158,105,25,25,3,0.8227848101265823,0.7361111111111112,0.9722222222222222,0.5,0.8076923076923077,0.8823529411764707,130,False,False
full_multimodal,pr,val,0.3,158,105,25,25,3,0.8227848101265823,0.7361111111111112,0.9722222222222222,0.5,0.8076923076923077,0.8823529411764707,130,False,False
full_multimodal,pr,val,0.31,158,105,25,25,3,0.8227848101265823,0.7361111111111112,0.9722222222222222,0.5,0.8076923076923077,0.8823529411764707,130,False,False
full_multimodal,pr,val,0.32,158,105,23,27,3,0.8354430379746836,0.7561111111111112,0.9722222222222222,0.54,0.8203125,0.8898305084745762,128,False,False
full_multimodal,pr,val,0.33,158,104,22,28,4,0.8354430379746836,0.7614814814814814,0.9629629629629629,0.56,0.8253968253968254,0.8888888888888888,126,False,False
full_multimodal,pr,val,0.34,158,104,22,28,4,0.8354430379746836,0.7614814814814814,0.9629629629629629,0.56,0.8253968253968254,0.8888888888888888,126,False,False
full_multimodal,pr,val,0.35,158,104,21,29,4,0.8417721518987342,0.7714814814814814,0.9629629629629629,0.58,0.832,0.8927038626609441,125,False,False
full_multimodal,pr,val,0.36,158,103,19,31,5,0.8481012658227848,0.7868518518518519,0.9537037037037037,0.62,0.8442622950819673,0.8956521739130434,122,False,False
full_multimodal,pr,val,0.37,158,103,19,31,5,0.8481012658227848,0.7868518518518519,0.9537037037037037,0.62,0.8442622950819673,0.8956521739130434,122,False,False
full_multimodal,pr,val,0.38,158,103,19,31,5,0.8481012658227848,0.7868518518518519,0.9537037037037037,0.62,0.8442622950819673,0.8956521739130434,122,False,False
full_multimodal,pr,val,0.39,158,103,18,32,5,0.8544303797468354,0.7968518518518519,0.9537037037037037,0.64,0.8512396694214877,0.8995633187772927,121,False,False
full_multimodal,pr,val,0.4,158,103,18,32,5,0.8544303797468354,0.7968518518518519,0.9537037037037037,0.64,0.8512396694214877,0.8995633187772927,121,False,False
full_multimodal,pr,val,0.41,158,103,18,32,5,0.8544303797468354,0.7968518518518519,0.9537037037037037,0.64,0.8512396694214877,0.8995633187772927,121,False,False
full_multimodal,pr,val,0.42,158,103,18,32,5,0.8544303797468354,0.7968518518518519,0.9537037037037037,0.64,0.8512396694214877,0.8995633187772927,121,False,False
full_multimodal,pr,val,0.43,158,103,17,33,5,0.8607594936708861,0.8068518518518519,0.9537037037037037,0.66,0.8583333333333333,0.9035087719298245,120,False,False
full_multimodal,pr,val,0.44,158,103,17,33,5,0.8607594936708861,0.8068518518518519,0.9537037037037037,0.66,0.8583333333333333,0.9035087719298245,120,False,False
full_multimodal,pr,val,0.45,158,103,17,33,5,0.8607594936708861,0.8068518518518519,0.9537037037037037,0.66,0.8583333333333333,0.9035087719298245,120,False,False
full_multimodal,pr,val,0.46,158,103,17,33,5,0.8607594936708861,0.8068518518518519,0.9537037037037037,0.66,0.8583333333333333,0.9035087719298245,120,False,False
full_multimodal,pr,val,0.47,158,102,17,33,6,0.8544303797468354,0.8022222222222222,0.9444444444444444,0.66,0.8571428571428571,0.8986784140969163,119,False,False
full_multimodal,pr,val,0.48,158,102,17,33,6,0.8544303797468354,0.8022222222222222,0.9444444444444444,0.66,0.8571428571428571,0.8986784140969163,119,False,False
full_multimodal,pr,val,0.49,158,102,16,34,6,0.8607594936708861,0.8122222222222222,0.9444444444444444,0.68,0.864406779661017,0.9026548672566371,118,False,False
full_multimodal,pr,val,0.5,158,102,16,34,6,0.8607594936708861,0.8122222222222222,0.9444444444444444,0.68,0.864406779661017,0.9026548672566371,118,False,False
full_multimodal,pr,val,0.51,158,102,16,34,6,0.8607594936708861,0.8122222222222222,0.9444444444444444,0.68,0.864406779661017,0.9026548672566371,118,False,False
full_multimodal,pr,val,0.52,158,102,16,34,6,0.8607594936708861,0.8122222222222222,0.9444444444444444,0.68,0.864406779661017,0.9026548672566371,118,False,False
full_multimodal,pr,val,0.53,158,102,16,34,6,0.8607594936708861,0.8122222222222222,0.9444444444444444,0.68,0.864406779661017,0.9026548672566371,118,False,False
full_multimodal,pr,val,0.54,158,102,16,34,6,0.8607594936708861,0.8122222222222222,0.9444444444444444,0.68,0.864406779661017,0.9026548672566371,118,False,False
full_multimodal,pr,val,0.55,158,102,16,34,6,0.8607594936708861,0.8122222222222222,0.9444444444444444,0.68,0.864406779661017,0.9026548672566371,118,False,False
full_multimodal,pr,val,0.56,158,102,16,34,6,0.8607594936708861,0.8122222222222222,0.9444444444444444,0.68,0.864406779661017,0.9026548672566371,118,False,False
full_multimodal,pr,val,0.57,158,102,16,34,6,0.8607594936708861,0.8122222222222222,0.9444444444444444,0.68,0.864406779661017,0.9026548672566371,118,False,False
full_multimodal,pr,val,0.58,158,102,15,35,6,0.8670886075949367,0.8222222222222222,0.9444444444444444,0.7,0.8717948717948718,0.9066666666666667,117,False,False
full_multimodal,pr,val,0.59,158,102,15,35,6,0.8670886075949367,0.8222222222222222,0.9444444444444444,0.7,0.8717948717948718,0.9066666666666667,117,False,False
full_multimodal,pr,val,0.6,158,102,15,35,6,0.8670886075949367,0.8222222222222222,0.9444444444444444,0.7,0.8717948717948718,0.9066666666666667,117,False,False
full_multimodal,pr,val,0.61,158,101,13,37,7,0.8734177215189873,0.8375925925925927,0.9351851851851852,0.74,0.8859649122807017,0.9099099099099098,114,False,True
full_multimodal,pr,val,0.62,158,101,13,37,7,0.8734177215189873,0.8375925925925927,0.9351851851851852,0.74,0.8859649122807017,0.9099099099099098,114,False,False
full_multimodal,pr,val,0.63,158,98,11,39,10,0.8670886075949367,0.8437037037037037,0.9074074074074074,0.78,0.8990825688073395,0.903225806451613,109,True,False
full_multimodal,pr,val,0.64,158,94,10,40,14,0.8481012658227848,0.8351851851851853,0.8703703703703703,0.8,0.9038461538461539,0.8867924528301887,104,False,False
full_multimodal,pr,val,0.65,158,89,9,41,19,0.8227848101265823,0.822037037037037,0.8240740740740741,0.82,0.9081632653061225,0.8640776699029127,98,False,False
full_multimodal,pr,val,0.66,158,83,8,42,25,0.7911392405063291,0.8042592592592592,0.7685185185185185,0.84,0.9120879120879121,0.8341708542713567,91,False,False
full_multimodal,pr,val,0.67,158,74,8,42,34,0.7341772151898734,0.7625925925925926,0.6851851851851852,0.84,0.9024390243902439,0.7789473684210526,82,False,False
full_multimodal,pr,val,0.68,158,68,7,43,40,0.7025316455696202,0.7448148148148148,0.6296296296296297,0.86,0.9066666666666666,0.7431693989071038,75,False,False
full_multimodal,pr,val,0.69,158,59,7,43,49,0.6455696202531646,0.7031481481481481,0.5462962962962963,0.86,0.8939393939393939,0.6781609195402298,66,False,False
full_multimodal,pr,val,0.7,158,42,6,44,66,0.5443037974683544,0.6344444444444445,0.3888888888888889,0.88,0.875,0.5384615384615385,48,False,False
full_multimodal,pr,val,0.71,158,27,5,45,81,0.45569620253164556,0.575,0.25,0.9,0.84375,0.38571428571428573,32,False,False
full_multimodal,pr,val,0.72,158,14,3,47,94,0.3860759493670886,0.5348148148148147,0.12962962962962962,0.94,0.8235294117647058,0.22399999999999998,17,False,False
full_multimodal,pr,val,0.73,158,3,0,50,105,0.33544303797468356,0.5138888888888888,0.027777777777777776,1.0,1.0,0.05405405405405406,3,False,False
full_multimodal,pr,val,0.74,158,0,0,50,108,0.31645569620253167,0.5,0.0,1.0,0.0,0.0,0,False,False
full_multimodal,pr,val,0.75,158,0,0,50,108,0.31645569620253167,0.5,0.0,1.0,0.0,0.0,0,False,False
full_multimodal,pr,val,0.76,158,0,0,50,108,0.31645569620253167,0.5,0.0,1.0,0.0,0.0,0,False,False
full_multimodal,pr,val,0.77,158,0,0,50,108,0.31645569620253167,0.5,0.0,1.0,0.0,0.0,0,False,False
full_multimodal,pr,val,0.78,158,0,0,50,108,0.31645569620253167,0.5,0.0,1.0,0.0,0.0,0,False,False
full_multimodal,pr,val,0.79,158,0,0,50,108,0.31645569620253167,0.5,0.0,1.0,0.0,0.0,0,False,False
full_multimodal,pr,val,0.8,158,0,0,50,108,0.31645569620253167,0.5,0.0,1.0,0.0,0.0,0,False,False
full_multimodal,pr,val,0.81,158,0,0,50,108,0.31645569620253167,0.5,0.0,1.0,0.0,0.0,0,False,False
full_multimodal,pr,val,0.82,158,0,0,50,108,0.31645569620253167,0.5,0.0,1.0,0.0,0.0,0,False,False
full_multimodal,pr,val,0.83,158,0,0,50,108,0.31645569620253167,0.5,0.0,1.0,0.0,0.0,0,False,False
full_multimodal,pr,val,0.84,158,0,0,50,108,0.31645569620253167,0.5,0.0,1.0,0.0,0.0,0,False,False
full_multimodal,pr,val,0.85,158,0,0,50,108,0.31645569620253167,0.5,0.0,1.0,0.0,0.0,0,False,False
full_multimodal,pr,val,0.86,158,0,0,50,108,0.31645569620253167,0.5,0.0,1.0,0.0,0.0,0,False,False
full_multimodal,pr,val,0.87,158,0,0,50,108,0.31645569620253167,0.5,0.0,1.0,0.0,0.0,0,False,False
full_multimodal,pr,val,0.88,158,0,0,50,108,0.31645569620253167,0.5,0.0,1.0,0.0,0.0,0,False,False
full_multimodal,pr,val,0.89,158,0,0,50,108,0.31645569620253167,0.5,0.0,1.0,0.0,0.0,0,False,False
full_multimodal,pr,val,0.9,158,0,0,50,108,0.31645569620253167,0.5,0.0,1.0,0.0,0.0,0,False,False
full_multimodal,pr,val,0.91,158,0,0,50,108,0.31645569620253167,0.5,0.0,1.0,0.0,0.0,0,False,False
full_multimodal,pr,val,0.92,158,0,0,50,108,0.31645569620253167,0.5,0.0,1.0,0.0,0.0,0,False,False
full_multimodal,pr,val,0.93,158,0,0,50,108,0.31645569620253167,0.5,0.0,1.0,0.0,0.0,0,False,False
full_multimodal,pr,val,0.94,158,0,0,50,108,0.31645569620253167,0.5,0.0,1.0,0.0,0.0,0,False,False
full_multimodal,pr,val,0.95,158,0,0,50,108,0.31645569620253167,0.5,0.0,1.0,0.0,0.0,0,False,False
full_multimodal,pr,val,0.96,158,0,0,50,108,0.31645569620253167,0.5,0.0,1.0,0.0,0.0,0,False,False
full_multimodal,pr,val,0.97,158,0,0,50,108,0.31645569620253167,0.5,0.0,1.0,0.0,0.0,0,False,False
full_multimodal,pr,val,0.98,158,0,0,50,108,0.31645569620253167,0.5,0.0,1.0,0.0,0.0,0,False,False
full_multimodal,pr,val,0.99,158,0,0,50,108,0.31645569620253167,0.5,0.0,1.0,0.0,0.0,0,False,False
full_multimodal,her2,val,0.01,148,19,129,0,0,0.12837837837837837,0.5,1.0,0.0,0.12837837837837837,0.22754491017964074,148,False,False
full_multimodal,her2,val,0.02,148,19,129,0,0,0.12837837837837837,0.5,1.0,0.0,0.12837837837837837,0.22754491017964074,148,False,False
full_multimodal,her2,val,0.03,148,19,129,0,0,0.12837837837837837,0.5,1.0,0.0,0.12837837837837837,0.22754491017964074,148,False,False
full_multimodal,her2,val,0.04,148,19,129,0,0,0.12837837837837837,0.5,1.0,0.0,0.12837837837837837,0.22754491017964074,148,False,False
full_multimodal,her2,val,0.05,148,19,129,0,0,0.12837837837837837,0.5,1.0,0.0,0.12837837837837837,0.22754491017964074,148,False,False
full_multimodal,her2,val,0.06,148,19,129,0,0,0.12837837837837837,0.5,1.0,0.0,0.12837837837837837,0.22754491017964074,148,False,False
full_multimodal,her2,val,0.07,148,19,129,0,0,0.12837837837837837,0.5,1.0,0.0,0.12837837837837837,0.22754491017964074,148,False,False
full_multimodal,her2,val,0.08,148,19,129,0,0,0.12837837837837837,0.5,1.0,0.0,0.12837837837837837,0.22754491017964074,148,False,False
full_multimodal,her2,val,0.09,148,19,129,0,0,0.12837837837837837,0.5,1.0,0.0,0.12837837837837837,0.22754491017964074,148,False,False
full_multimodal,her2,val,0.1,148,19,129,0,0,0.12837837837837837,0.5,1.0,0.0,0.12837837837837837,0.22754491017964074,148,False,False
full_multimodal,her2,val,0.11,148,19,129,0,0,0.12837837837837837,0.5,1.0,0.0,0.12837837837837837,0.22754491017964074,148,False,False
full_multimodal,her2,val,0.12,148,19,129,0,0,0.12837837837837837,0.5,1.0,0.0,0.12837837837837837,0.22754491017964074,148,False,False
full_multimodal,her2,val,0.13,148,19,129,0,0,0.12837837837837837,0.5,1.0,0.0,0.12837837837837837,0.22754491017964074,148,False,False
full_multimodal,her2,val,0.14,148,19,129,0,0,0.12837837837837837,0.5,1.0,0.0,0.12837837837837837,0.22754491017964074,148,False,False
full_multimodal,her2,val,0.15,148,19,129,0,0,0.12837837837837837,0.5,1.0,0.0,0.12837837837837837,0.22754491017964074,148,False,False
full_multimodal,her2,val,0.16,148,19,129,0,0,0.12837837837837837,0.5,1.0,0.0,0.12837837837837837,0.22754491017964074,148,False,False
full_multimodal,her2,val,0.17,148,19,129,0,0,0.12837837837837837,0.5,1.0,0.0,0.12837837837837837,0.22754491017964074,148,False,False
full_multimodal,her2,val,0.18,148,19,129,0,0,0.12837837837837837,0.5,1.0,0.0,0.12837837837837837,0.22754491017964074,148,False,False
full_multimodal,her2,val,0.19,148,19,129,0,0,0.12837837837837837,0.5,1.0,0.0,0.12837837837837837,0.22754491017964074,148,False,False
full_multimodal,her2,val,0.2,148,19,128,1,0,0.13513513513513514,0.5038759689922481,1.0,0.007751937984496124,0.1292517006802721,0.22891566265060243,147,False,False
full_multimodal,her2,val,0.21,148,19,127,2,0,0.14189189189189189,0.5077519379844961,1.0,0.015503875968992248,0.13013698630136986,0.2303030303030303,146,False,False
full_multimodal,her2,val,0.22,148,18,124,5,1,0.1554054054054054,0.49306405548755605,0.9473684210526315,0.03875968992248062,0.1267605633802817,0.2236024844720497,142,False,False
full_multimodal,her2,val,0.23,148,17,113,16,2,0.22297297297297297,0.5093839249286005,0.8947368421052632,0.12403100775193798,0.13076923076923078,0.22818791946308722,130,False,False
full_multimodal,her2,val,0.24,148,17,110,19,2,0.24324324324324326,0.5210118319053447,0.8947368421052632,0.14728682170542637,0.13385826771653545,0.23287671232876714,127,False,False
full_multimodal,her2,val,0.25,148,17,107,22,2,0.2635135135135135,0.5326397388820889,0.8947368421052632,0.17054263565891473,0.13709677419354838,0.23776223776223776,124,False,False
full_multimodal,her2,val,0.26,148,16,91,38,3,0.36486486486486486,0.5683394532843737,0.8421052631578947,0.29457364341085274,0.14953271028037382,0.25396825396825395,107,False,False
full_multimodal,her2,val,0.27,148,15,75,54,4,0.46621621621621623,0.6040391676866586,0.7894736842105263,0.4186046511627907,0.16666666666666666,0.27522935779816515,90,False,False
full_multimodal,her2,val,0.28,148,14,64,65,5,0.5337837837837838,0.620359037127703,0.7368421052631579,0.5038759689922481,0.1794871794871795,0.288659793814433,78,False,False
full_multimodal,her2,val,0.29,148,14,45,84,5,0.6621621621621622,0.6940024479804161,0.7368421052631579,0.6511627906976745,0.23728813559322035,0.358974358974359,59,False,False
full_multimodal,her2,val,0.3,148,13,34,95,6,0.7297297297297297,0.7103223174214606,0.6842105263157895,0.7364341085271318,0.2765957446808511,0.393939393939394,47,False,False
full_multimodal,her2,val,0.31,148,12,28,101,7,0.7635135135135135,0.7072623419012647,0.631578947368421,0.7829457364341085,0.3,0.4067796610169491,40,False,False
full_multimodal,her2,val,0.32,148,12,26,103,7,0.777027027027027,0.7150142798857608,0.631578947368421,0.7984496124031008,0.3157894736842105,0.42105263157894735,38,False,False
full_multimodal,her2,val,0.33,148,12,22,107,7,0.8040540540540541,0.7305181558547531,0.631578947368421,0.8294573643410853,0.35294117647058826,0.45283018867924524,34,False,False
full_multimodal,her2,val,0.34,148,12,19,110,7,0.8243243243243243,0.7421460628314973,0.631578947368421,0.8527131782945736,0.3870967741935484,0.48000000000000004,31,False,False
full_multimodal,her2,val,0.35,148,12,17,112,7,0.8378378378378378,0.7498980008159934,0.631578947368421,0.8682170542635659,0.41379310344827586,0.5,29,False,False
full_multimodal,her2,val,0.36,148,12,14,115,7,0.8581081081081081,0.7615259077927377,0.631578947368421,0.8914728682170543,0.46153846153846156,0.5333333333333333,26,True,False
full_multimodal,her2,val,0.37,148,11,13,116,8,0.8581081081081081,0.7390860873113015,0.5789473684210527,0.8992248062015504,0.4583333333333333,0.5116279069767442,24,False,False
full_multimodal,her2,val,0.38,148,11,10,119,8,0.8783783783783784,0.7507139942880456,0.5789473684210527,0.9224806201550387,0.5238095238095238,0.5500000000000002,21,False,False
full_multimodal,her2,val,0.39,148,11,10,119,8,0.8783783783783784,0.7507139942880456,0.5789473684210527,0.9224806201550387,0.5238095238095238,0.5500000000000002,21,False,False
full_multimodal,her2,val,0.4,148,10,8,121,9,0.8851351351351351,0.7321501427988576,0.5263157894736842,0.937984496124031,0.5555555555555556,0.5405405405405405,18,False,False
full_multimodal,her2,val,0.41,148,10,7,122,9,0.8918918918918919,0.7360261117911057,0.5263157894736842,0.9457364341085271,0.5882352941176471,0.5555555555555555,17,False,False
full_multimodal,her2,val,0.42,148,10,5,124,9,0.9054054054054054,0.7437780497756018,0.5263157894736842,0.9612403100775194,0.6666666666666666,0.5882352941176471,15,False,True
full_multimodal,her2,val,0.43,148,8,5,124,11,0.8918918918918919,0.6911464708282333,0.42105263157894735,0.9612403100775194,0.6153846153846154,0.5,13,False,False
full_multimodal,her2,val,0.44,148,8,5,124,11,0.8918918918918919,0.6911464708282333,0.42105263157894735,0.9612403100775194,0.6153846153846154,0.5,13,False,False
full_multimodal,her2,val,0.45,148,8,3,126,11,0.9054054054054054,0.6988984088127295,0.42105263157894735,0.9767441860465116,0.7272727272727273,0.5333333333333333,11,False,False
full_multimodal,her2,val,0.46,148,8,3,126,11,0.9054054054054054,0.6988984088127295,0.42105263157894735,0.9767441860465116,0.7272727272727273,0.5333333333333333,11,False,False
full_multimodal,her2,val,0.47,148,8,2,127,11,0.9121621621621622,0.7027743778049775,0.42105263157894735,0.9844961240310077,0.8,0.5517241379310345,10,False,False
full_multimodal,her2,val,0.48,148,8,2,127,11,0.9121621621621622,0.7027743778049775,0.42105263157894735,0.9844961240310077,0.8,0.5517241379310345,10,False,False
full_multimodal,her2,val,0.49,148,8,2,127,11,0.9121621621621622,0.7027743778049775,0.42105263157894735,0.9844961240310077,0.8,0.5517241379310345,10,False,False
full_multimodal,her2,val,0.5,148,8,2,127,11,0.9121621621621622,0.7027743778049775,0.42105263157894735,0.9844961240310077,0.8,0.5517241379310345,10,False,False
full_multimodal,her2,val,0.51,148,7,1,128,12,0.9121621621621622,0.6803345573235414,0.3684210526315789,0.9922480620155039,0.875,0.5185185185185185,8,False,False
full_multimodal,her2,val,0.52,148,6,1,128,13,0.9054054054054054,0.6540187678498572,0.3157894736842105,0.9922480620155039,0.8571428571428571,0.46153846153846156,7,False,False
full_multimodal,her2,val,0.53,148,6,0,129,13,0.9121621621621622,0.6578947368421053,0.3157894736842105,1.0,1.0,0.4799999999999999,6,False,False
full_multimodal,her2,val,0.54,148,6,0,129,13,0.9121621621621622,0.6578947368421053,0.3157894736842105,1.0,1.0,0.4799999999999999,6,False,False
full_multimodal,her2,val,0.55,148,5,0,129,14,0.9054054054054054,0.631578947368421,0.2631578947368421,1.0,1.0,0.4166666666666667,5,False,False
full_multimodal,her2,val,0.56,148,5,0,129,14,0.9054054054054054,0.631578947368421,0.2631578947368421,1.0,1.0,0.4166666666666667,5,False,False
full_multimodal,her2,val,0.57,148,4,0,129,15,0.8986486486486487,0.6052631578947368,0.21052631578947367,1.0,1.0,0.34782608695652173,4,False,False
full_multimodal,her2,val,0.58,148,3,0,129,16,0.8918918918918919,0.5789473684210527,0.15789473684210525,1.0,1.0,0.2727272727272727,3,False,False
full_multimodal,her2,val,0.59,148,2,0,129,17,0.8851351351351351,0.5526315789473684,0.10526315789473684,1.0,1.0,0.1904761904761905,2,False,False
full_multimodal,her2,val,0.6,148,1,0,129,18,0.8783783783783784,0.5263157894736842,0.05263157894736842,1.0,1.0,0.1,1,False,False
full_multimodal,her2,val,0.61,148,0,0,129,19,0.8716216216216216,0.5,0.0,1.0,0.0,0.0,0,False,False
full_multimodal,her2,val,0.62,148,0,0,129,19,0.8716216216216216,0.5,0.0,1.0,0.0,0.0,0,False,False
full_multimodal,her2,val,0.63,148,0,0,129,19,0.8716216216216216,0.5,0.0,1.0,0.0,0.0,0,False,False
full_multimodal,her2,val,0.64,148,0,0,129,19,0.8716216216216216,0.5,0.0,1.0,0.0,0.0,0,False,False
full_multimodal,her2,val,0.65,148,0,0,129,19,0.8716216216216216,0.5,0.0,1.0,0.0,0.0,0,False,False
full_multimodal,her2,val,0.66,148,0,0,129,19,0.8716216216216216,0.5,0.0,1.0,0.0,0.0,0,False,False
full_multimodal,her2,val,0.67,148,0,0,129,19,0.8716216216216216,0.5,0.0,1.0,0.0,0.0,0,False,False
full_multimodal,her2,val,0.68,148,0,0,129,19,0.8716216216216216,0.5,0.0,1.0,0.0,0.0,0,False,False
full_multimodal,her2,val,0.69,148,0,0,129,19,0.8716216216216216,0.5,0.0,1.0,0.0,0.0,0,False,False
full_multimodal,her2,val,0.7,148,0,0,129,19,0.8716216216216216,0.5,0.0,1.0,0.0,0.0,0,False,False
full_multimodal,her2,val,0.71,148,0,0,129,19,0.8716216216216216,0.5,0.0,1.0,0.0,0.0,0,False,False
full_multimodal,her2,val,0.72,148,0,0,129,19,0.8716216216216216,0.5,0.0,1.0,0.0,0.0,0,False,False
full_multimodal,her2,val,0.73,148,0,0,129,19,0.8716216216216216,0.5,0.0,1.0,0.0,0.0,0,False,False
full_multimodal,her2,val,0.74,148,0,0,129,19,0.8716216216216216,0.5,0.0,1.0,0.0,0.0,0,False,False
full_multimodal,her2,val,0.75,148,0,0,129,19,0.8716216216216216,0.5,0.0,1.0,0.0,0.0,0,False,False
full_multimodal,her2,val,0.76,148,0,0,129,19,0.8716216216216216,0.5,0.0,1.0,0.0,0.0,0,False,False
full_multimodal,her2,val,0.77,148,0,0,129,19,0.8716216216216216,0.5,0.0,1.0,0.0,0.0,0,False,False
full_multimodal,her2,val,0.78,148,0,0,129,19,0.8716216216216216,0.5,0.0,1.0,0.0,0.0,0,False,False
full_multimodal,her2,val,0.79,148,0,0,129,19,0.8716216216216216,0.5,0.0,1.0,0.0,0.0,0,False,False
full_multimodal,her2,val,0.8,148,0,0,129,19,0.8716216216216216,0.5,0.0,1.0,0.0,0.0,0,False,False
full_multimodal,her2,val,0.81,148,0,0,129,19,0.8716216216216216,0.5,0.0,1.0,0.0,0.0,0,False,False
full_multimodal,her2,val,0.82,148,0,0,129,19,0.8716216216216216,0.5,0.0,1.0,0.0,0.0,0,False,False
full_multimodal,her2,val,0.83,148,0,0,129,19,0.8716216216216216,0.5,0.0,1.0,0.0,0.0,0,False,False
full_multimodal,her2,val,0.84,148,0,0,129,19,0.8716216216216216,0.5,0.0,1.0,0.0,0.0,0,False,False
full_multimodal,her2,val,0.85,148,0,0,129,19,0.8716216216216216,0.5,0.0,1.0,0.0,0.0,0,False,False
full_multimodal,her2,val,0.86,148,0,0,129,19,0.8716216216216216,0.5,0.0,1.0,0.0,0.0,0,False,False
full_multimodal,her2,val,0.87,148,0,0,129,19,0.8716216216216216,0.5,0.0,1.0,0.0,0.0,0,False,False
full_multimodal,her2,val,0.88,148,0,0,129,19,0.8716216216216216,0.5,0.0,1.0,0.0,0.0,0,False,False
full_multimodal,her2,val,0.89,148,0,0,129,19,0.8716216216216216,0.5,0.0,1.0,0.0,0.0,0,False,False
full_multimodal,her2,val,0.9,148,0,0,129,19,0.8716216216216216,0.5,0.0,1.0,0.0,0.0,0,False,False
full_multimodal,her2,val,0.91,148,0,0,129,19,0.8716216216216216,0.5,0.0,1.0,0.0,0.0,0,False,False
full_multimodal,her2,val,0.92,148,0,0,129,19,0.8716216216216216,0.5,0.0,1.0,0.0,0.0,0,False,False
full_multimodal,her2,val,0.93,148,0,0,129,19,0.8716216216216216,0.5,0.0,1.0,0.0,0.0,0,False,False
full_multimodal,her2,val,0.94,148,0,0,129,19,0.8716216216216216,0.5,0.0,1.0,0.0,0.0,0,False,False
full_multimodal,her2,val,0.95,148,0,0,129,19,0.8716216216216216,0.5,0.0,1.0,0.0,0.0,0,False,False
full_multimodal,her2,val,0.96,148,0,0,129,19,0.8716216216216216,0.5,0.0,1.0,0.0,0.0,0,False,False
full_multimodal,her2,val,0.97,148,0,0,129,19,0.8716216216216216,0.5,0.0,1.0,0.0,0.0,0,False,False
full_multimodal,her2,val,0.98,148,0,0,129,19,0.8716216216216216,0.5,0.0,1.0,0.0,0.0,0,False,False
full_multimodal,her2,val,0.99,148,0,0,129,19,0.8716216216216216,0.5,0.0,1.0,0.0,0.0,0,False,False
genomics_only,er,val,0.01,159,125,34,0,0,0.7861635220125787,0.5,1.0,0.0,0.7861635220125787,0.8802816901408451,159,False,False
genomics_only,er,val,0.02,159,125,34,0,0,0.7861635220125787,0.5,1.0,0.0,0.7861635220125787,0.8802816901408451,159,False,False
genomics_only,er,val,0.03,159,125,34,0,0,0.7861635220125787,0.5,1.0,0.0,0.7861635220125787,0.8802816901408451,159,False,False
genomics_only,er,val,0.04,159,125,34,0,0,0.7861635220125787,0.5,1.0,0.0,0.7861635220125787,0.8802816901408451,159,False,False
genomics_only,er,val,0.05,159,125,34,0,0,0.7861635220125787,0.5,1.0,0.0,0.7861635220125787,0.8802816901408451,159,False,False
genomics_only,er,val,0.06,159,125,34,0,0,0.7861635220125787,0.5,1.0,0.0,0.7861635220125787,0.8802816901408451,159,False,False
genomics_only,er,val,0.07,159,125,34,0,0,0.7861635220125787,0.5,1.0,0.0,0.7861635220125787,0.8802816901408451,159,False,False
genomics_only,er,val,0.08,159,125,34,0,0,0.7861635220125787,0.5,1.0,0.0,0.7861635220125787,0.8802816901408451,159,False,False
genomics_only,er,val,0.09,159,125,34,0,0,0.7861635220125787,0.5,1.0,0.0,0.7861635220125787,0.8802816901408451,159,False,False
genomics_only,er,val,0.1,159,125,34,0,0,0.7861635220125787,0.5,1.0,0.0,0.7861635220125787,0.8802816901408451,159,False,False
genomics_only,er,val,0.11,159,125,34,0,0,0.7861635220125787,0.5,1.0,0.0,0.7861635220125787,0.8802816901408451,159,False,False
genomics_only,er,val,0.12,159,125,34,0,0,0.7861635220125787,0.5,1.0,0.0,0.7861635220125787,0.8802816901408451,159,False,False
genomics_only,er,val,0.13,159,125,34,0,0,0.7861635220125787,0.5,1.0,0.0,0.7861635220125787,0.8802816901408451,159,False,False
genomics_only,er,val,0.14,159,125,34,0,0,0.7861635220125787,0.5,1.0,0.0,0.7861635220125787,0.8802816901408451,159,False,False
genomics_only,er,val,0.15,159,125,34,0,0,0.7861635220125787,0.5,1.0,0.0,0.7861635220125787,0.8802816901408451,159,False,False
genomics_only,er,val,0.16,159,125,34,0,0,0.7861635220125787,0.5,1.0,0.0,0.7861635220125787,0.8802816901408451,159,False,False
genomics_only,er,val,0.17,159,125,34,0,0,0.7861635220125787,0.5,1.0,0.0,0.7861635220125787,0.8802816901408451,159,False,False
genomics_only,er,val,0.18,159,125,34,0,0,0.7861635220125787,0.5,1.0,0.0,0.7861635220125787,0.8802816901408451,159,False,False
genomics_only,er,val,0.19,159,125,34,0,0,0.7861635220125787,0.5,1.0,0.0,0.7861635220125787,0.8802816901408451,159,False,False
genomics_only,er,val,0.2,159,125,34,0,0,0.7861635220125787,0.5,1.0,0.0,0.7861635220125787,0.8802816901408451,159,False,False
genomics_only,er,val,0.21,159,125,34,0,0,0.7861635220125787,0.5,1.0,0.0,0.7861635220125787,0.8802816901408451,159,False,False
genomics_only,er,val,0.22,159,125,34,0,0,0.7861635220125787,0.5,1.0,0.0,0.7861635220125787,0.8802816901408451,159,False,False
genomics_only,er,val,0.23,159,125,34,0,0,0.7861635220125787,0.5,1.0,0.0,0.7861635220125787,0.8802816901408451,159,False,False
genomics_only,er,val,0.24,159,125,34,0,0,0.7861635220125787,0.5,1.0,0.0,0.7861635220125787,0.8802816901408451,159,False,False
genomics_only,er,val,0.25,159,125,34,0,0,0.7861635220125787,0.5,1.0,0.0,0.7861635220125787,0.8802816901408451,159,False,False
genomics_only,er,val,0.26,159,125,34,0,0,0.7861635220125787,0.5,1.0,0.0,0.7861635220125787,0.8802816901408451,159,False,False
genomics_only,er,val,0.27,159,125,33,1,0,0.7924528301886793,0.5147058823529411,1.0,0.029411764705882353,0.7911392405063291,0.8833922261484098,158,False,False
genomics_only,er,val,0.28,159,125,32,2,0,0.7987421383647799,0.5294117647058824,1.0,0.058823529411764705,0.7961783439490446,0.8865248226950355,157,False,False
genomics_only,er,val,0.29,159,125,31,3,0,0.8050314465408805,0.5441176470588235,1.0,0.08823529411764706,0.8012820512820513,0.8896797153024911,156,False,False
genomics_only,er,val,0.3,159,124,31,3,1,0.7987421383647799,0.5401176470588235,0.992,0.08823529411764706,0.8,0.8857142857142858,155,False,False
genomics_only,er,val,0.31,159,124,24,10,1,0.8427672955974843,0.6430588235294118,0.992,0.29411764705882354,0.8378378378378378,0.9084249084249085,148,False,False
genomics_only,er,val,0.32,159,121,21,13,4,0.8427672955974843,0.6751764705882353,0.968,0.38235294117647056,0.852112676056338,0.9063670411985019,142,False,False
genomics_only,er,val,0.33,159,121,16,18,4,0.8742138364779874,0.7487058823529411,0.968,0.5294117647058824,0.8832116788321168,0.9236641221374046,137,False,False
genomics_only,er,val,0.34,159,121,13,21,4,0.8930817610062893,0.7928235294117647,0.968,0.6176470588235294,0.9029850746268657,0.9343629343629344,134,False,False
genomics_only,er,val,0.35,159,120,13,21,5,0.8867924528301887,0.7888235294117647,0.96,0.6176470588235294,0.9022556390977443,0.9302325581395348,133,False,False
genomics_only,er,val,0.36,159,120,10,24,5,0.9056603773584906,0.8329411764705883,0.96,0.7058823529411765,0.9230769230769231,0.9411764705882353,130,False,False
genomics_only,er,val,0.37,159,120,10,24,5,0.9056603773584906,0.8329411764705883,0.96,0.7058823529411765,0.9230769230769231,0.9411764705882353,130,False,False
genomics_only,er,val,0.38,159,120,9,25,5,0.9119496855345912,0.8476470588235294,0.96,0.7352941176470589,0.9302325581395349,0.9448818897637796,129,False,False
genomics_only,er,val,0.39,159,120,9,25,5,0.9119496855345912,0.8476470588235294,0.96,0.7352941176470589,0.9302325581395349,0.9448818897637796,129,False,False
genomics_only,er,val,0.4,159,120,9,25,5,0.9119496855345912,0.8476470588235294,0.96,0.7352941176470589,0.9302325581395349,0.9448818897637796,129,False,False
genomics_only,er,val,0.41,159,120,9,25,5,0.9119496855345912,0.8476470588235294,0.96,0.7352941176470589,0.9302325581395349,0.9448818897637796,129,False,False
genomics_only,er,val,0.42,159,120,8,26,5,0.9182389937106918,0.8623529411764705,0.96,0.7647058823529411,0.9375,0.9486166007905138,128,False,False
genomics_only,er,val,0.43,159,120,8,26,5,0.9182389937106918,0.8623529411764705,0.96,0.7647058823529411,0.9375,0.9486166007905138,128,False,False
genomics_only,er,val,0.44,159,120,7,27,5,0.9245283018867925,0.8770588235294117,0.96,0.7941176470588235,0.9448818897637795,0.9523809523809523,127,False,False
genomics_only,er,val,0.45,159,120,6,28,5,0.9308176100628931,0.8917647058823529,0.96,0.8235294117647058,0.9523809523809523,0.9561752988047808,126,False,False
genomics_only,er,val,0.46,159,120,6,28,5,0.9308176100628931,0.8917647058823529,0.96,0.8235294117647058,0.9523809523809523,0.9561752988047808,126,False,False
genomics_only,er,val,0.47,159,120,5,29,5,0.9371069182389937,0.9064705882352941,0.96,0.8529411764705882,0.96,0.96,125,False,False
genomics_only,er,val,0.48,159,120,5,29,5,0.9371069182389937,0.9064705882352941,0.96,0.8529411764705882,0.96,0.96,125,False,False
genomics_only,er,val,0.49,159,120,5,29,5,0.9371069182389937,0.9064705882352941,0.96,0.8529411764705882,0.96,0.96,125,False,False
genomics_only,er,val,0.5,159,120,5,29,5,0.9371069182389937,0.9064705882352941,0.96,0.8529411764705882,0.96,0.96,125,False,False
genomics_only,er,val,0.51,159,119,5,29,6,0.9308176100628931,0.9024705882352941,0.952,0.8529411764705882,0.9596774193548387,0.9558232931726908,124,False,False
genomics_only,er,val,0.52,159,119,5,29,6,0.9308176100628931,0.9024705882352941,0.952,0.8529411764705882,0.9596774193548387,0.9558232931726908,124,False,False
genomics_only,er,val,0.53,159,119,5,29,6,0.9308176100628931,0.9024705882352941,0.952,0.8529411764705882,0.9596774193548387,0.9558232931726908,124,False,False
genomics_only,er,val,0.54,159,119,4,30,6,0.9371069182389937,0.9171764705882353,0.952,0.8823529411764706,0.967479674796748,0.9596774193548387,123,False,False
genomics_only,er,val,0.55,159,119,4,30,6,0.9371069182389937,0.9171764705882353,0.952,0.8823529411764706,0.967479674796748,0.9596774193548387,123,False,False
genomics_only,er,val,0.56,159,119,4,30,6,0.9371069182389937,0.9171764705882353,0.952,0.8823529411764706,0.967479674796748,0.9596774193548387,123,False,False
genomics_only,er,val,0.57,159,119,4,30,6,0.9371069182389937,0.9171764705882353,0.952,0.8823529411764706,0.967479674796748,0.9596774193548387,123,False,False
genomics_only,er,val,0.58,159,119,3,31,6,0.9433962264150944,0.9318823529411764,0.952,0.9117647058823529,0.9754098360655737,0.9635627530364372,122,True,True
genomics_only,er,val,0.59,159,119,3,31,6,0.9433962264150944,0.9318823529411764,0.952,0.9117647058823529,0.9754098360655737,0.9635627530364372,122,False,False
genomics_only,er,val,0.6,159,119,3,31,6,0.9433962264150944,0.9318823529411764,0.952,0.9117647058823529,0.9754098360655737,0.9635627530364372,122,False,False
genomics_only,er,val,0.61,159,118,3,31,7,0.9371069182389937,0.9278823529411764,0.944,0.9117647058823529,0.9752066115702479,0.959349593495935,121,False,False
genomics_only,er,val,0.62,159,118,3,31,7,0.9371069182389937,0.9278823529411764,0.944,0.9117647058823529,0.9752066115702479,0.959349593495935,121,False,False
genomics_only,er,val,0.63,159,118,3,31,7,0.9371069182389937,0.9278823529411764,0.944,0.9117647058823529,0.9752066115702479,0.959349593495935,121,False,False
genomics_only,er,val,0.64,159,118,3,31,7,0.9371069182389937,0.9278823529411764,0.944,0.9117647058823529,0.9752066115702479,0.959349593495935,121,False,False
genomics_only,er,val,0.65,159,118,3,31,7,0.9371069182389937,0.9278823529411764,0.944,0.9117647058823529,0.9752066115702479,0.959349593495935,121,False,False
genomics_only,er,val,0.66,159,118,3,31,7,0.9371069182389937,0.9278823529411764,0.944,0.9117647058823529,0.9752066115702479,0.959349593495935,121,False,False
genomics_only,er,val,0.67,159,118,3,31,7,0.9371069182389937,0.9278823529411764,0.944,0.9117647058823529,0.9752066115702479,0.959349593495935,121,False,False
genomics_only,er,val,0.68,159,118,3,31,7,0.9371069182389937,0.9278823529411764,0.944,0.9117647058823529,0.9752066115702479,0.959349593495935,121,False,False
genomics_only,er,val,0.69,159,118,3,31,7,0.9371069182389937,0.9278823529411764,0.944,0.9117647058823529,0.9752066115702479,0.959349593495935,121,False,False
genomics_only,er,val,0.7,159,118,3,31,7,0.9371069182389937,0.9278823529411764,0.944,0.9117647058823529,0.9752066115702479,0.959349593495935,121,False,False
genomics_only,er,val,0.71,159,118,3,31,7,0.9371069182389937,0.9278823529411764,0.944,0.9117647058823529,0.9752066115702479,0.959349593495935,121,False,False
genomics_only,er,val,0.72,159,118,3,31,7,0.9371069182389937,0.9278823529411764,0.944,0.9117647058823529,0.9752066115702479,0.959349593495935,121,False,False
genomics_only,er,val,0.73,159,117,3,31,8,0.9308176100628931,0.9238823529411765,0.936,0.9117647058823529,0.975,0.9551020408163265,120,False,False
genomics_only,er,val,0.74,159,116,3,31,9,0.9245283018867925,0.9198823529411765,0.928,0.9117647058823529,0.9747899159663865,0.9508196721311476,119,False,False
genomics_only,er,val,0.75,159,115,3,31,10,0.9182389937106918,0.9158823529411765,0.92,0.9117647058823529,0.9745762711864406,0.9465020576131686,118,False,False
genomics_only,er,val,0.76,159,115,3,31,10,0.9182389937106918,0.9158823529411765,0.92,0.9117647058823529,0.9745762711864406,0.9465020576131686,118,False,False
genomics_only,er,val,0.77,159,112,3,31,13,0.89937106918239,0.9038823529411765,0.896,0.9117647058823529,0.9739130434782609,0.9333333333333333,115,False,False
genomics_only,er,val,0.78,159,112,3,31,13,0.89937106918239,0.9038823529411765,0.896,0.9117647058823529,0.9739130434782609,0.9333333333333333,115,False,False
genomics_only,er,val,0.79,159,109,3,31,16,0.8805031446540881,0.8918823529411765,0.872,0.9117647058823529,0.9732142857142857,0.919831223628692,112,False,False
genomics_only,er,val,0.8,159,107,3,31,18,0.8679245283018868,0.8838823529411765,0.856,0.9117647058823529,0.9727272727272728,0.9106382978723404,110,False,False
genomics_only,er,val,0.81,159,104,3,31,21,0.8490566037735849,0.8718823529411764,0.832,0.9117647058823529,0.9719626168224299,0.896551724137931,107,False,False
genomics_only,er,val,0.82,159,95,3,31,30,0.7924528301886793,0.8358823529411765,0.76,0.9117647058823529,0.9693877551020408,0.8520179372197308,98,False,False
genomics_only,er,val,0.83,159,92,3,31,33,0.7735849056603774,0.8238823529411765,0.736,0.9117647058823529,0.968421052631579,0.8363636363636363,95,False,False
genomics_only,er,val,0.84,159,89,3,31,36,0.7547169811320755,0.8118823529411765,0.712,0.9117647058823529,0.967391304347826,0.8202764976958525,92,False,False
genomics_only,er,val,0.85,159,82,3,31,43,0.710691823899371,0.7838823529411765,0.656,0.9117647058823529,0.9647058823529412,0.780952380952381,85,False,False
genomics_only,er,val,0.86,159,78,3,31,47,0.6855345911949685,0.7678823529411765,0.624,0.9117647058823529,0.9629629629629629,0.7572815533980581,81,False,False
genomics_only,er,val,0.87,159,68,2,32,57,0.6289308176100629,0.7425882352941177,0.544,0.9411764705882353,0.9714285714285714,0.6974358974358974,70,False,False
genomics_only,er,val,0.88,159,62,1,33,63,0.5974842767295597,0.7332941176470589,0.496,0.9705882352941176,0.9841269841269841,0.6595744680851063,63,False,False
genomics_only,er,val,0.89,159,56,1,33,69,0.559748427672956,0.7092941176470589,0.448,0.9705882352941176,0.9824561403508771,0.6153846153846154,57,False,False
genomics_only,er,val,0.9,159,34,1,33,91,0.42138364779874216,0.6212941176470588,0.272,0.9705882352941176,0.9714285714285714,0.42500000000000004,35,False,False
genomics_only,er,val,0.91,159,17,0,34,108,0.32075471698113206,0.5680000000000001,0.136,1.0,1.0,0.23943661971830985,17,False,False
genomics_only,er,val,0.92,159,8,0,34,117,0.2641509433962264,0.532,0.064,1.0,1.0,0.12030075187969924,8,False,False
genomics_only,er,val,0.93,159,4,0,34,121,0.2389937106918239,0.516,0.032,1.0,1.0,0.06201550387596899,4,False,False
genomics_only,er,val,0.94,159,1,0,34,124,0.22012578616352202,0.504,0.008,1.0,1.0,0.015873015873015872,1,False,False
genomics_only,er,val,0.95,159,0,0,34,125,0.2138364779874214,0.5,0.0,1.0,0.0,0.0,0,False,False
genomics_only,er,val,0.96,159,0,0,34,125,0.2138364779874214,0.5,0.0,1.0,0.0,0.0,0,False,False
genomics_only,er,val,0.97,159,0,0,34,125,0.2138364779874214,0.5,0.0,1.0,0.0,0.0,0,False,False
genomics_only,er,val,0.98,159,0,0,34,125,0.2138364779874214,0.5,0.0,1.0,0.0,0.0,0,False,False
genomics_only,er,val,0.99,159,0,0,34,125,0.2138364779874214,0.5,0.0,1.0,0.0,0.0,0,False,False
genomics_only,pr,val,0.01,158,108,50,0,0,0.6835443037974683,0.5,1.0,0.0,0.6835443037974683,0.8120300751879699,158,False,False
genomics_only,pr,val,0.02,158,108,50,0,0,0.6835443037974683,0.5,1.0,0.0,0.6835443037974683,0.8120300751879699,158,False,False
genomics_only,pr,val,0.03,158,108,50,0,0,0.6835443037974683,0.5,1.0,0.0,0.6835443037974683,0.8120300751879699,158,False,False
genomics_only,pr,val,0.04,158,108,50,0,0,0.6835443037974683,0.5,1.0,0.0,0.6835443037974683,0.8120300751879699,158,False,False
genomics_only,pr,val,0.05,158,108,50,0,0,0.6835443037974683,0.5,1.0,0.0,0.6835443037974683,0.8120300751879699,158,False,False
genomics_only,pr,val,0.06,158,108,50,0,0,0.6835443037974683,0.5,1.0,0.0,0.6835443037974683,0.8120300751879699,158,False,False
genomics_only,pr,val,0.07,158,108,50,0,0,0.6835443037974683,0.5,1.0,0.0,0.6835443037974683,0.8120300751879699,158,False,False
genomics_only,pr,val,0.08,158,108,50,0,0,0.6835443037974683,0.5,1.0,0.0,0.6835443037974683,0.8120300751879699,158,False,False
genomics_only,pr,val,0.09,158,108,50,0,0,0.6835443037974683,0.5,1.0,0.0,0.6835443037974683,0.8120300751879699,158,False,False
genomics_only,pr,val,0.1,158,108,50,0,0,0.6835443037974683,0.5,1.0,0.0,0.6835443037974683,0.8120300751879699,158,False,False
genomics_only,pr,val,0.11,158,108,50,0,0,0.6835443037974683,0.5,1.0,0.0,0.6835443037974683,0.8120300751879699,158,False,False
genomics_only,pr,val,0.12,158,108,50,0,0,0.6835443037974683,0.5,1.0,0.0,0.6835443037974683,0.8120300751879699,158,False,False
genomics_only,pr,val,0.13,158,108,50,0,0,0.6835443037974683,0.5,1.0,0.0,0.6835443037974683,0.8120300751879699,158,False,False
genomics_only,pr,val,0.14,158,108,50,0,0,0.6835443037974683,0.5,1.0,0.0,0.6835443037974683,0.8120300751879699,158,False,False
genomics_only,pr,val,0.15,158,108,50,0,0,0.6835443037974683,0.5,1.0,0.0,0.6835443037974683,0.8120300751879699,158,False,False
genomics_only,pr,val,0.16,158,108,50,0,0,0.6835443037974683,0.5,1.0,0.0,0.6835443037974683,0.8120300751879699,158,False,False
genomics_only,pr,val,0.17,158,108,50,0,0,0.6835443037974683,0.5,1.0,0.0,0.6835443037974683,0.8120300751879699,158,False,False
genomics_only,pr,val,0.18,158,108,50,0,0,0.6835443037974683,0.5,1.0,0.0,0.6835443037974683,0.8120300751879699,158,False,False
genomics_only,pr,val,0.19,158,108,50,0,0,0.6835443037974683,0.5,1.0,0.0,0.6835443037974683,0.8120300751879699,158,False,False
genomics_only,pr,val,0.2,158,108,50,0,0,0.6835443037974683,0.5,1.0,0.0,0.6835443037974683,0.8120300751879699,158,False,False
genomics_only,pr,val,0.21,158,108,50,0,0,0.6835443037974683,0.5,1.0,0.0,0.6835443037974683,0.8120300751879699,158,False,False
genomics_only,pr,val,0.22,158,108,50,0,0,0.6835443037974683,0.5,1.0,0.0,0.6835443037974683,0.8120300751879699,158,False,False
genomics_only,pr,val,0.23,158,108,50,0,0,0.6835443037974683,0.5,1.0,0.0,0.6835443037974683,0.8120300751879699,158,False,False
genomics_only,pr,val,0.24,158,107,44,6,1,0.7151898734177216,0.5553703703703703,0.9907407407407407,0.12,0.7086092715231788,0.8262548262548262,151,False,False
genomics_only,pr,val,0.25,158,107,38,12,1,0.7531645569620253,0.6153703703703703,0.9907407407407407,0.24,0.7379310344827587,0.8458498023715415,145,False,False
genomics_only,pr,val,0.26,158,106,32,18,2,0.7848101265822784,0.6707407407407407,0.9814814814814815,0.36,0.7681159420289855,0.8617886178861789,138,False,False
genomics_only,pr,val,0.27,158,106,30,20,2,0.7974683544303798,0.6907407407407408,0.9814814814814815,0.4,0.7794117647058824,0.8688524590163934,136,False,False
genomics_only,pr,val,0.28,158,106,29,21,2,0.8037974683544303,0.7007407407407408,0.9814814814814815,0.42,0.7851851851851852,0.8724279835390948,135,False,False
genomics_only,pr,val,0.29,158,106,28,22,2,0.810126582278481,0.7107407407407408,0.9814814814814815,0.44,0.7910447761194029,0.8760330578512396,134,False,False
genomics_only,pr,val,0.3,158,106,27,23,2,0.8164556962025317,0.7207407407407408,0.9814814814814815,0.46,0.7969924812030075,0.8796680497925311,133,False,False
genomics_only,pr,val,0.31,158,106,25,25,2,0.8291139240506329,0.7407407407407407,0.9814814814814815,0.5,0.8091603053435115,0.8870292887029289,131,False,False
genomics_only,pr,val,0.32,158,105,24,26,3,0.8291139240506329,0.7461111111111112,0.9722222222222222,0.52,0.813953488372093,0.8860759493670887,129,False,False
genomics_only,pr,val,0.33,158,105,24,26,3,0.8291139240506329,0.7461111111111112,0.9722222222222222,0.52,0.813953488372093,0.8860759493670887,129,False,False
genomics_only,pr,val,0.34,158,105,24,26,3,0.8291139240506329,0.7461111111111112,0.9722222222222222,0.52,0.813953488372093,0.8860759493670887,129,False,False
genomics_only,pr,val,0.35,158,105,23,27,3,0.8354430379746836,0.7561111111111112,0.9722222222222222,0.54,0.8203125,0.8898305084745762,128,False,False
genomics_only,pr,val,0.36,158,105,22,28,3,0.8417721518987342,0.7661111111111112,0.9722222222222222,0.56,0.8267716535433071,0.8936170212765957,127,False,False
genomics_only,pr,val,0.37,158,104,22,28,4,0.8354430379746836,0.7614814814814814,0.9629629629629629,0.56,0.8253968253968254,0.8888888888888888,126,False,False
genomics_only,pr,val,0.38,158,104,21,29,4,0.8417721518987342,0.7714814814814814,0.9629629629629629,0.58,0.832,0.8927038626609441,125,False,False
genomics_only,pr,val,0.39,158,104,20,30,4,0.8481012658227848,0.7814814814814814,0.9629629629629629,0.6,0.8387096774193549,0.896551724137931,124,False,False
genomics_only,pr,val,0.4,158,104,20,30,4,0.8481012658227848,0.7814814814814814,0.9629629629629629,0.6,0.8387096774193549,0.896551724137931,124,False,False
genomics_only,pr,val,0.41,158,104,20,30,4,0.8481012658227848,0.7814814814814814,0.9629629629629629,0.6,0.8387096774193549,0.896551724137931,124,False,False
genomics_only,pr,val,0.42,158,104,20,30,4,0.8481012658227848,0.7814814814814814,0.9629629629629629,0.6,0.8387096774193549,0.896551724137931,124,False,False
genomics_only,pr,val,0.43,158,104,20,30,4,0.8481012658227848,0.7814814814814814,0.9629629629629629,0.6,0.8387096774193549,0.896551724137931,124,False,False
genomics_only,pr,val,0.44,158,104,20,30,4,0.8481012658227848,0.7814814814814814,0.9629629629629629,0.6,0.8387096774193549,0.896551724137931,124,False,False
genomics_only,pr,val,0.45,158,104,20,30,4,0.8481012658227848,0.7814814814814814,0.9629629629629629,0.6,0.8387096774193549,0.896551724137931,124,False,False
genomics_only,pr,val,0.46,158,104,20,30,4,0.8481012658227848,0.7814814814814814,0.9629629629629629,0.6,0.8387096774193549,0.896551724137931,124,False,False
genomics_only,pr,val,0.47,158,104,20,30,4,0.8481012658227848,0.7814814814814814,0.9629629629629629,0.6,0.8387096774193549,0.896551724137931,124,False,False
genomics_only,pr,val,0.48,158,104,18,32,4,0.8607594936708861,0.8014814814814815,0.9629629629629629,0.64,0.8524590163934426,0.9043478260869565,122,False,False
genomics_only,pr,val,0.49,158,104,17,33,4,0.8670886075949367,0.8114814814814815,0.9629629629629629,0.66,0.859504132231405,0.908296943231441,121,False,False
genomics_only,pr,val,0.5,158,103,17,33,5,0.8607594936708861,0.8068518518518519,0.9537037037037037,0.66,0.8583333333333333,0.9035087719298245,120,False,False
genomics_only,pr,val,0.51,158,103,17,33,5,0.8607594936708861,0.8068518518518519,0.9537037037037037,0.66,0.8583333333333333,0.9035087719298245,120,False,False
genomics_only,pr,val,0.52,158,102,17,33,6,0.8544303797468354,0.8022222222222222,0.9444444444444444,0.66,0.8571428571428571,0.8986784140969163,119,False,False
genomics_only,pr,val,0.53,158,102,17,33,6,0.8544303797468354,0.8022222222222222,0.9444444444444444,0.66,0.8571428571428571,0.8986784140969163,119,False,False
genomics_only,pr,val,0.54,158,102,17,33,6,0.8544303797468354,0.8022222222222222,0.9444444444444444,0.66,0.8571428571428571,0.8986784140969163,119,False,False
genomics_only,pr,val,0.55,158,102,17,33,6,0.8544303797468354,0.8022222222222222,0.9444444444444444,0.66,0.8571428571428571,0.8986784140969163,119,False,False
genomics_only,pr,val,0.56,158,102,17,33,6,0.8544303797468354,0.8022222222222222,0.9444444444444444,0.66,0.8571428571428571,0.8986784140969163,119,False,False
genomics_only,pr,val,0.57,158,102,17,33,6,0.8544303797468354,0.8022222222222222,0.9444444444444444,0.66,0.8571428571428571,0.8986784140969163,119,False,False
genomics_only,pr,val,0.58,158,102,16,34,6,0.8607594936708861,0.8122222222222222,0.9444444444444444,0.68,0.864406779661017,0.9026548672566371,118,False,False
genomics_only,pr,val,0.59,158,102,16,34,6,0.8607594936708861,0.8122222222222222,0.9444444444444444,0.68,0.864406779661017,0.9026548672566371,118,False,False
genomics_only,pr,val,0.6,158,102,15,35,6,0.8670886075949367,0.8222222222222222,0.9444444444444444,0.7,0.8717948717948718,0.9066666666666667,117,False,False
genomics_only,pr,val,0.61,158,102,14,36,6,0.8734177215189873,0.8322222222222222,0.9444444444444444,0.72,0.8793103448275862,0.9107142857142858,116,True,True
genomics_only,pr,val,0.62,158,99,14,36,9,0.8544303797468354,0.8183333333333334,0.9166666666666666,0.72,0.8761061946902655,0.8959276018099547,113,False,False
genomics_only,pr,val,0.63,158,96,14,36,12,0.8354430379746836,0.8044444444444444,0.8888888888888888,0.72,0.8727272727272727,0.8807339449541284,110,False,False
genomics_only,pr,val,0.64,158,91,12,38,17,0.8164556962025317,0.8012962962962963,0.8425925925925926,0.76,0.883495145631068,0.8625592417061612,103,False,False
genomics_only,pr,val,0.65,158,82,12,38,26,0.759493670886076,0.7596296296296297,0.7592592592592593,0.76,0.8723404255319149,0.8118811881188118,94,False,False
genomics_only,pr,val,0.66,158,71,11,39,37,0.6962025316455697,0.7187037037037037,0.6574074074074074,0.78,0.8658536585365854,0.7473684210526317,82,False,False
genomics_only,pr,val,0.67,158,60,10,40,48,0.6329113924050633,0.6777777777777778,0.5555555555555556,0.8,0.8571428571428571,0.6741573033707865,70,False,False
genomics_only,pr,val,0.68,158,53,9,41,55,0.5949367088607594,0.6553703703703704,0.49074074074074076,0.82,0.8548387096774194,0.6235294117647059,62,False,False
genomics_only,pr,val,0.69,158,47,8,42,61,0.5632911392405063,0.6375925925925926,0.4351851851851852,0.84,0.8545454545454545,0.5766871165644172,55,False,False
genomics_only,pr,val,0.7,158,37,7,43,71,0.5063291139240507,0.6012962962962963,0.3425925925925926,0.86,0.8409090909090909,0.4868421052631579,44,False,False
genomics_only,pr,val,0.71,158,27,4,46,81,0.4620253164556962,0.585,0.25,0.92,0.8709677419354839,0.3884892086330935,31,False,False
genomics_only,pr,val,0.72,158,24,4,46,84,0.4430379746835443,0.5711111111111111,0.2222222222222222,0.92,0.8571428571428571,0.35294117647058826,28,False,False
genomics_only,pr,val,0.73,158,19,2,48,89,0.4240506329113924,0.567962962962963,0.17592592592592593,0.96,0.9047619047619048,0.29457364341085274,21,False,False
genomics_only,pr,val,0.74,158,15,1,49,93,0.4050632911392405,0.5594444444444444,0.1388888888888889,0.98,0.9375,0.24193548387096778,16,False,False
genomics_only,pr,val,0.75,158,12,1,49,96,0.3860759493670886,0.5455555555555556,0.1111111111111111,0.98,0.9230769230769231,0.1983471074380165,13,False,False
genomics_only,pr,val,0.76,158,8,1,49,100,0.36075949367088606,0.527037037037037,0.07407407407407407,0.98,0.8888888888888888,0.13675213675213674,9,False,False
genomics_only,pr,val,0.77,158,2,0,50,106,0.3291139240506329,0.5092592592592593,0.018518518518518517,1.0,1.0,0.03636363636363636,2,False,False
genomics_only,pr,val,0.78,158,0,0,50,108,0.31645569620253167,0.5,0.0,1.0,0.0,0.0,0,False,False
genomics_only,pr,val,0.79,158,0,0,50,108,0.31645569620253167,0.5,0.0,1.0,0.0,0.0,0,False,False
genomics_only,pr,val,0.8,158,0,0,50,108,0.31645569620253167,0.5,0.0,1.0,0.0,0.0,0,False,False
genomics_only,pr,val,0.81,158,0,0,50,108,0.31645569620253167,0.5,0.0,1.0,0.0,0.0,0,False,False
genomics_only,pr,val,0.82,158,0,0,50,108,0.31645569620253167,0.5,0.0,1.0,0.0,0.0,0,False,False
genomics_only,pr,val,0.83,158,0,0,50,108,0.31645569620253167,0.5,0.0,1.0,0.0,0.0,0,False,False
genomics_only,pr,val,0.84,158,0,0,50,108,0.31645569620253167,0.5,0.0,1.0,0.0,0.0,0,False,False
genomics_only,pr,val,0.85,158,0,0,50,108,0.31645569620253167,0.5,0.0,1.0,0.0,0.0,0,False,False
genomics_only,pr,val,0.86,158,0,0,50,108,0.31645569620253167,0.5,0.0,1.0,0.0,0.0,0,False,False
genomics_only,pr,val,0.87,158,0,0,50,108,0.31645569620253167,0.5,0.0,1.0,0.0,0.0,0,False,False
genomics_only,pr,val,0.88,158,0,0,50,108,0.31645569620253167,0.5,0.0,1.0,0.0,0.0,0,False,False
genomics_only,pr,val,0.89,158,0,0,50,108,0.31645569620253167,0.5,0.0,1.0,0.0,0.0,0,False,False
genomics_only,pr,val,0.9,158,0,0,50,108,0.31645569620253167,0.5,0.0,1.0,0.0,0.0,0,False,False
genomics_only,pr,val,0.91,158,0,0,50,108,0.31645569620253167,0.5,0.0,1.0,0.0,0.0,0,False,False
genomics_only,pr,val,0.92,158,0,0,50,108,0.31645569620253167,0.5,0.0,1.0,0.0,0.0,0,False,False
genomics_only,pr,val,0.93,158,0,0,50,108,0.31645569620253167,0.5,0.0,1.0,0.0,0.0,0,False,False
genomics_only,pr,val,0.94,158,0,0,50,108,0.31645569620253167,0.5,0.0,1.0,0.0,0.0,0,False,False
genomics_only,pr,val,0.95,158,0,0,50,108,0.31645569620253167,0.5,0.0,1.0,0.0,0.0,0,False,False
genomics_only,pr,val,0.96,158,0,0,50,108,0.31645569620253167,0.5,0.0,1.0,0.0,0.0,0,False,False
genomics_only,pr,val,0.97,158,0,0,50,108,0.31645569620253167,0.5,0.0,1.0,0.0,0.0,0,False,False
genomics_only,pr,val,0.98,158,0,0,50,108,0.31645569620253167,0.5,0.0,1.0,0.0,0.0,0,False,False
genomics_only,pr,val,0.99,158,0,0,50,108,0.31645569620253167,0.5,0.0,1.0,0.0,0.0,0,False,False
genomics_only,her2,val,0.01,148,19,129,0,0,0.12837837837837837,0.5,1.0,0.0,0.12837837837837837,0.22754491017964074,148,False,False
genomics_only,her2,val,0.02,148,19,129,0,0,0.12837837837837837,0.5,1.0,0.0,0.12837837837837837,0.22754491017964074,148,False,False
genomics_only,her2,val,0.03,148,19,129,0,0,0.12837837837837837,0.5,1.0,0.0,0.12837837837837837,0.22754491017964074,148,False,False
genomics_only,her2,val,0.04,148,19,129,0,0,0.12837837837837837,0.5,1.0,0.0,0.12837837837837837,0.22754491017964074,148,False,False
genomics_only,her2,val,0.05,148,19,129,0,0,0.12837837837837837,0.5,1.0,0.0,0.12837837837837837,0.22754491017964074,148,False,False
genomics_only,her2,val,0.06,148,19,129,0,0,0.12837837837837837,0.5,1.0,0.0,0.12837837837837837,0.22754491017964074,148,False,False
genomics_only,her2,val,0.07,148,19,129,0,0,0.12837837837837837,0.5,1.0,0.0,0.12837837837837837,0.22754491017964074,148,False,False
genomics_only,her2,val,0.08,148,19,129,0,0,0.12837837837837837,0.5,1.0,0.0,0.12837837837837837,0.22754491017964074,148,False,False
genomics_only,her2,val,0.09,148,19,129,0,0,0.12837837837837837,0.5,1.0,0.0,0.12837837837837837,0.22754491017964074,148,False,False
genomics_only,her2,val,0.1,148,19,129,0,0,0.12837837837837837,0.5,1.0,0.0,0.12837837837837837,0.22754491017964074,148,False,False
genomics_only,her2,val,0.11,148,19,129,0,0,0.12837837837837837,0.5,1.0,0.0,0.12837837837837837,0.22754491017964074,148,False,False
genomics_only,her2,val,0.12,148,19,129,0,0,0.12837837837837837,0.5,1.0,0.0,0.12837837837837837,0.22754491017964074,148,False,False
genomics_only,her2,val,0.13,148,19,129,0,0,0.12837837837837837,0.5,1.0,0.0,0.12837837837837837,0.22754491017964074,148,False,False
genomics_only,her2,val,0.14,148,19,129,0,0,0.12837837837837837,0.5,1.0,0.0,0.12837837837837837,0.22754491017964074,148,False,False
genomics_only,her2,val,0.15,148,19,128,1,0,0.13513513513513514,0.5038759689922481,1.0,0.007751937984496124,0.1292517006802721,0.22891566265060243,147,False,False
genomics_only,her2,val,0.16,148,19,126,3,0,0.14864864864864866,0.5116279069767442,1.0,0.023255813953488372,0.1310344827586207,0.23170731707317074,145,False,False
genomics_only,her2,val,0.17,148,19,124,5,0,0.16216216216216217,0.5193798449612403,1.0,0.03875968992248062,0.13286713286713286,0.2345679012345679,143,False,False
genomics_only,her2,val,0.18,148,19,123,6,0,0.16891891891891891,0.5232558139534884,1.0,0.046511627906976744,0.13380281690140844,0.23602484472049687,142,False,False
genomics_only,her2,val,0.19,148,18,121,8,1,0.17567567567567569,0.5046919624643003,0.9473684210526315,0.06201550387596899,0.12949640287769784,0.2278481012658228,139,False,False
genomics_only,her2,val,0.2,148,18,120,9,1,0.18243243243243243,0.5085679314565483,0.9473684210526315,0.06976744186046512,0.13043478260869565,0.22929936305732482,138,False,False
genomics_only,her2,val,0.21,148,18,118,11,1,0.19594594594594594,0.5163198694410445,0.9473684210526315,0.08527131782945736,0.1323529411764706,0.23225806451612904,136,False,False
genomics_only,her2,val,0.22,148,18,111,18,1,0.24324324324324326,0.5434516523867808,0.9473684210526315,0.13953488372093023,0.13953488372093023,0.24324324324324326,129,False,False
genomics_only,her2,val,0.23,148,18,107,22,1,0.2702702702702703,0.5589555283557731,0.9473684210526315,0.17054263565891473,0.144,0.25,125,False,False
genomics_only,her2,val,0.24,148,18,101,28,1,0.3108108108108108,0.5822113423092615,0.9473684210526315,0.21705426356589147,0.15126050420168066,0.2608695652173913,119,False,False
genomics_only,her2,val,0.25,148,18,95,34,1,0.35135135135135137,0.6054671562627498,0.9473684210526315,0.26356589147286824,0.1592920353982301,0.27272727272727276,113,False,False
genomics_only,her2,val,0.26,148,17,88,41,2,0.3918918918918919,0.6062831497348021,0.8947368421052632,0.3178294573643411,0.1619047619047619,0.2741935483870968,105,False,False
genomics_only,her2,val,0.27,148,17,78,51,2,0.4594594594594595,0.6450428396572827,0.8947368421052632,0.3953488372093023,0.17894736842105263,0.2982456140350877,95,False,False
genomics_only,her2,val,0.28,148,16,55,74,3,0.6081081081081081,0.707874337005304,0.8421052631578947,0.5736434108527132,0.22535211267605634,0.35555555555555557,71,False,False
genomics_only,her2,val,0.29,148,14,39,90,5,0.7027027027027027,0.7172582619339045,0.7368421052631579,0.6976744186046512,0.2641509433962264,0.3888888888888889,53,False,False
genomics_only,her2,val,0.3,148,14,31,98,5,0.7567567567567568,0.7482660138718891,0.7368421052631579,0.7596899224806202,0.3111111111111111,0.4375,45,False,False
genomics_only,her2,val,0.31,148,14,24,105,5,0.8040540540540541,0.7753977968176254,0.7368421052631579,0.813953488372093,0.3684210526315789,0.49122807017543857,38,False,False
genomics_only,her2,val,0.32,148,13,20,109,6,0.8243243243243243,0.7645858833129335,0.6842105263157895,0.8449612403100775,0.3939393939393939,0.5,33,False,False
genomics_only,her2,val,0.33,148,12,16,113,7,0.8445945945945946,0.7537739698082415,0.631578947368421,0.875968992248062,0.42857142857142855,0.5106382978723404,28,False,False
genomics_only,her2,val,0.34,148,12,12,117,7,0.8716216216216216,0.7692778457772338,0.631578947368421,0.9069767441860465,0.5,0.5581395348837209,24,False,False
genomics_only,her2,val,0.35,148,12,11,118,7,0.8783783783783784,0.7731538147694819,0.631578947368421,0.9147286821705426,0.5217391304347826,0.5714285714285715,23,False,False
genomics_only,her2,val,0.36,148,12,8,121,7,0.8986486486486487,0.7847817217462261,0.631578947368421,0.937984496124031,0.6,0.6153846153846154,20,False,False
genomics_only,her2,val,0.37,148,12,7,122,7,0.9054054054054054,0.7886576907384741,0.631578947368421,0.9457364341085271,0.631578947368421,0.631578947368421,19,True,False
genomics_only,her2,val,0.38,148,11,7,122,8,0.8986486486486487,0.7623419012647898,0.5789473684210527,0.9457364341085271,0.6111111111111112,0.5945945945945946,18,False,False
genomics_only,her2,val,0.39,148,11,6,123,8,0.9054054054054054,0.7662178702570379,0.5789473684210527,0.9534883720930233,0.6470588235294118,0.6111111111111113,17,False,False
genomics_only,her2,val,0.4,148,11,5,124,8,0.9121621621621622,0.770093839249286,0.5789473684210527,0.9612403100775194,0.6875,0.6285714285714286,16,False,False
genomics_only,her2,val,0.41,148,11,4,125,8,0.918918918918919,0.773969808241534,0.5789473684210527,0.9689922480620154,0.7333333333333333,0.6470588235294117,15,False,False
genomics_only,her2,val,0.42,148,11,4,125,8,0.918918918918919,0.773969808241534,0.5789473684210527,0.9689922480620154,0.7333333333333333,0.6470588235294117,15,False,False
genomics_only,her2,val,0.43,148,11,4,125,8,0.918918918918919,0.773969808241534,0.5789473684210527,0.9689922480620154,0.7333333333333333,0.6470588235294117,15,False,False
genomics_only,her2,val,0.44,148,11,3,126,8,0.9256756756756757,0.7778457772337821,0.5789473684210527,0.9767441860465116,0.7857142857142857,0.6666666666666667,14,False,False
genomics_only,her2,val,0.45,148,11,3,126,8,0.9256756756756757,0.7778457772337821,0.5789473684210527,0.9767441860465116,0.7857142857142857,0.6666666666666667,14,False,False
genomics_only,her2,val,0.46,148,11,3,126,8,0.9256756756756757,0.7778457772337821,0.5789473684210527,0.9767441860465116,0.7857142857142857,0.6666666666666667,14,False,False
genomics_only,her2,val,0.47,148,11,3,126,8,0.9256756756756757,0.7778457772337821,0.5789473684210527,0.9767441860465116,0.7857142857142857,0.6666666666666667,14,False,True
genomics_only,her2,val,0.48,148,10,3,126,9,0.918918918918919,0.7515299877600978,0.5263157894736842,0.9767441860465116,0.7692307692307693,0.625,13,False,False
genomics_only,her2,val,0.49,148,10,3,126,9,0.918918918918919,0.7515299877600978,0.5263157894736842,0.9767441860465116,0.7692307692307693,0.625,13,False,False
genomics_only,her2,val,0.5,148,10,3,126,9,0.918918918918919,0.7515299877600978,0.5263157894736842,0.9767441860465116,0.7692307692307693,0.625,13,False,False
genomics_only,her2,val,0.51,148,9,2,127,10,0.918918918918919,0.7290901672786617,0.47368421052631576,0.9844961240310077,0.8181818181818182,0.6,11,False,False
genomics_only,her2,val,0.52,148,9,2,127,10,0.918918918918919,0.7290901672786617,0.47368421052631576,0.9844961240310077,0.8181818181818182,0.6,11,False,False
genomics_only,her2,val,0.53,148,9,2,127,10,0.918918918918919,0.7290901672786617,0.47368421052631576,0.9844961240310077,0.8181818181818182,0.6,11,False,False
genomics_only,her2,val,0.54,148,9,1,128,10,0.9256756756756757,0.7329661362709098,0.47368421052631576,0.9922480620155039,0.9,0.6206896551724138,10,False,False
genomics_only,her2,val,0.55,148,9,1,128,10,0.9256756756756757,0.7329661362709098,0.47368421052631576,0.9922480620155039,0.9,0.6206896551724138,10,False,False
genomics_only,her2,val,0.56,148,9,1,128,10,0.9256756756756757,0.7329661362709098,0.47368421052631576,0.9922480620155039,0.9,0.6206896551724138,10,False,False
genomics_only,her2,val,0.57,148,9,1,128,10,0.9256756756756757,0.7329661362709098,0.47368421052631576,0.9922480620155039,0.9,0.6206896551724138,10,False,False
genomics_only,her2,val,0.58,148,9,1,128,10,0.9256756756756757,0.7329661362709098,0.47368421052631576,0.9922480620155039,0.9,0.6206896551724138,10,False,False
genomics_only,her2,val,0.59,148,9,1,128,10,0.9256756756756757,0.7329661362709098,0.47368421052631576,0.9922480620155039,0.9,0.6206896551724138,10,False,False
genomics_only,her2,val,0.6,148,9,1,128,10,0.9256756756756757,0.7329661362709098,0.47368421052631576,0.9922480620155039,0.9,0.6206896551724138,10,False,False
genomics_only,her2,val,0.61,148,9,1,128,10,0.9256756756756757,0.7329661362709098,0.47368421052631576,0.9922480620155039,0.9,0.6206896551724138,10,False,False
genomics_only,her2,val,0.62,148,9,1,128,10,0.9256756756756757,0.7329661362709098,0.47368421052631576,0.9922480620155039,0.9,0.6206896551724138,10,False,False
genomics_only,her2,val,0.63,148,9,1,128,10,0.9256756756756757,0.7329661362709098,0.47368421052631576,0.9922480620155039,0.9,0.6206896551724138,10,False,False
genomics_only,her2,val,0.64,148,9,1,128,10,0.9256756756756757,0.7329661362709098,0.47368421052631576,0.9922480620155039,0.9,0.6206896551724138,10,False,False
genomics_only,her2,val,0.65,148,9,1,128,10,0.9256756756756757,0.7329661362709098,0.47368421052631576,0.9922480620155039,0.9,0.6206896551724138,10,False,False
genomics_only,her2,val,0.66,148,9,1,128,10,0.9256756756756757,0.7329661362709098,0.47368421052631576,0.9922480620155039,0.9,0.6206896551724138,10,False,False
genomics_only,her2,val,0.67,148,9,1,128,10,0.9256756756756757,0.7329661362709098,0.47368421052631576,0.9922480620155039,0.9,0.6206896551724138,10,False,False
genomics_only,her2,val,0.68,148,9,1,128,10,0.9256756756756757,0.7329661362709098,0.47368421052631576,0.9922480620155039,0.9,0.6206896551724138,10,False,False
genomics_only,her2,val,0.69,148,7,1,128,12,0.9121621621621622,0.6803345573235414,0.3684210526315789,0.9922480620155039,0.875,0.5185185185185185,8,False,False
genomics_only,her2,val,0.7,148,7,1,128,12,0.9121621621621622,0.6803345573235414,0.3684210526315789,0.9922480620155039,0.875,0.5185185185185185,8,False,False
genomics_only,her2,val,0.71,148,6,1,128,13,0.9054054054054054,0.6540187678498572,0.3157894736842105,0.9922480620155039,0.8571428571428571,0.46153846153846156,7,False,False
genomics_only,her2,val,0.72,148,6,1,128,13,0.9054054054054054,0.6540187678498572,0.3157894736842105,0.9922480620155039,0.8571428571428571,0.46153846153846156,7,False,False
genomics_only,her2,val,0.73,148,6,1,128,13,0.9054054054054054,0.6540187678498572,0.3157894736842105,0.9922480620155039,0.8571428571428571,0.46153846153846156,7,False,False
genomics_only,her2,val,0.74,148,5,1,128,14,0.8986486486486487,0.627702978376173,0.2631578947368421,0.9922480620155039,0.8333333333333334,0.39999999999999997,6,False,False
genomics_only,her2,val,0.75,148,5,1,128,14,0.8986486486486487,0.627702978376173,0.2631578947368421,0.9922480620155039,0.8333333333333334,0.39999999999999997,6,False,False
genomics_only,her2,val,0.76,148,5,1,128,14,0.8986486486486487,0.627702978376173,0.2631578947368421,0.9922480620155039,0.8333333333333334,0.39999999999999997,6,False,False
genomics_only,her2,val,0.77,148,5,1,128,14,0.8986486486486487,0.627702978376173,0.2631578947368421,0.9922480620155039,0.8333333333333334,0.39999999999999997,6,False,False
genomics_only,her2,val,0.78,148,5,1,128,14,0.8986486486486487,0.627702978376173,0.2631578947368421,0.9922480620155039,0.8333333333333334,0.39999999999999997,6,False,False
genomics_only,her2,val,0.79,148,4,1,128,15,0.8918918918918919,0.6013871889024888,0.21052631578947367,0.9922480620155039,0.8,0.3333333333333333,5,False,False
genomics_only,her2,val,0.8,148,4,1,128,15,0.8918918918918919,0.6013871889024888,0.21052631578947367,0.9922480620155039,0.8,0.3333333333333333,5,False,False
genomics_only,her2,val,0.81,148,4,1,128,15,0.8918918918918919,0.6013871889024888,0.21052631578947367,0.9922480620155039,0.8,0.3333333333333333,5,False,False
genomics_only,her2,val,0.82,148,3,1,128,16,0.8851351351351351,0.5750713994288046,0.15789473684210525,0.9922480620155039,0.75,0.2608695652173913,4,False,False
genomics_only,her2,val,0.83,148,2,1,128,17,0.8783783783783784,0.5487556099551203,0.10526315789473684,0.9922480620155039,0.6666666666666666,0.18181818181818182,3,False,False
genomics_only,her2,val,0.84,148,2,1,128,17,0.8783783783783784,0.5487556099551203,0.10526315789473684,0.9922480620155039,0.6666666666666666,0.18181818181818182,3,False,False
genomics_only,her2,val,0.85,148,2,0,129,17,0.8851351351351351,0.5526315789473684,0.10526315789473684,1.0,1.0,0.1904761904761905,2,False,False
genomics_only,her2,val,0.86,148,1,0,129,18,0.8783783783783784,0.5263157894736842,0.05263157894736842,1.0,1.0,0.1,1,False,False
genomics_only,her2,val,0.87,148,1,0,129,18,0.8783783783783784,0.5263157894736842,0.05263157894736842,1.0,1.0,0.1,1,False,False
genomics_only,her2,val,0.88,148,1,0,129,18,0.8783783783783784,0.5263157894736842,0.05263157894736842,1.0,1.0,0.1,1,False,False
genomics_only,her2,val,0.89,148,1,0,129,18,0.8783783783783784,0.5263157894736842,0.05263157894736842,1.0,1.0,0.1,1,False,False
genomics_only,her2,val,0.9,148,1,0,129,18,0.8783783783783784,0.5263157894736842,0.05263157894736842,1.0,1.0,0.1,1,False,False
genomics_only,her2,val,0.91,148,1,0,129,18,0.8783783783783784,0.5263157894736842,0.05263157894736842,1.0,1.0,0.1,1,False,False
genomics_only,her2,val,0.92,148,0,0,129,19,0.8716216216216216,0.5,0.0,1.0,0.0,0.0,0,False,False
genomics_only,her2,val,0.93,148,0,0,129,19,0.8716216216216216,0.5,0.0,1.0,0.0,0.0,0,False,False
genomics_only,her2,val,0.94,148,0,0,129,19,0.8716216216216216,0.5,0.0,1.0,0.0,0.0,0,False,False
genomics_only,her2,val,0.95,148,0,0,129,19,0.8716216216216216,0.5,0.0,1.0,0.0,0.0,0,False,False
genomics_only,her2,val,0.96,148,0,0,129,19,0.8716216216216216,0.5,0.0,1.0,0.0,0.0,0,False,False
genomics_only,her2,val,0.97,148,0,0,129,19,0.8716216216216216,0.5,0.0,1.0,0.0,0.0,0,False,False
genomics_only,her2,val,0.98,148,0,0,129,19,0.8716216216216216,0.5,0.0,1.0,0.0,0.0,0,False,False
genomics_only,her2,val,0.99,148,0,0,129,19,0.8716216216216216,0.5,0.0,1.0,0.0,0.0,0,False,False
clinical_only,er,val,0.01,159,125,34,0,0,0.7861635220125787,0.5,1.0,0.0,0.7861635220125787,0.8802816901408451,159,False,False
clinical_only,er,val,0.02,159,125,34,0,0,0.7861635220125787,0.5,1.0,0.0,0.7861635220125787,0.8802816901408451,159,False,False
clinical_only,er,val,0.03,159,125,34,0,0,0.7861635220125787,0.5,1.0,0.0,0.7861635220125787,0.8802816901408451,159,False,False
clinical_only,er,val,0.04,159,125,34,0,0,0.7861635220125787,0.5,1.0,0.0,0.7861635220125787,0.8802816901408451,159,False,False
clinical_only,er,val,0.05,159,125,34,0,0,0.7861635220125787,0.5,1.0,0.0,0.7861635220125787,0.8802816901408451,159,False,False
clinical_only,er,val,0.06,159,125,34,0,0,0.7861635220125787,0.5,1.0,0.0,0.7861635220125787,0.8802816901408451,159,False,False
clinical_only,er,val,0.07,159,125,34,0,0,0.7861635220125787,0.5,1.0,0.0,0.7861635220125787,0.8802816901408451,159,False,False
clinical_only,er,val,0.08,159,125,34,0,0,0.7861635220125787,0.5,1.0,0.0,0.7861635220125787,0.8802816901408451,159,False,False
clinical_only,er,val,0.09,159,125,34,0,0,0.7861635220125787,0.5,1.0,0.0,0.7861635220125787,0.8802816901408451,159,False,False
clinical_only,er,val,0.1,159,125,34,0,0,0.7861635220125787,0.5,1.0,0.0,0.7861635220125787,0.8802816901408451,159,False,False
clinical_only,er,val,0.11,159,125,34,0,0,0.7861635220125787,0.5,1.0,0.0,0.7861635220125787,0.8802816901408451,159,False,False
clinical_only,er,val,0.12,159,125,34,0,0,0.7861635220125787,0.5,1.0,0.0,0.7861635220125787,0.8802816901408451,159,False,False
clinical_only,er,val,0.13,159,125,34,0,0,0.7861635220125787,0.5,1.0,0.0,0.7861635220125787,0.8802816901408451,159,False,False
clinical_only,er,val,0.14,159,125,34,0,0,0.7861635220125787,0.5,1.0,0.0,0.7861635220125787,0.8802816901408451,159,False,False
clinical_only,er,val,0.15,159,125,34,0,0,0.7861635220125787,0.5,1.0,0.0,0.7861635220125787,0.8802816901408451,159,False,False
clinical_only,er,val,0.16,159,125,34,0,0,0.7861635220125787,0.5,1.0,0.0,0.7861635220125787,0.8802816901408451,159,False,False
clinical_only,er,val,0.17,159,125,34,0,0,0.7861635220125787,0.5,1.0,0.0,0.7861635220125787,0.8802816901408451,159,False,False
clinical_only,er,val,0.18,159,125,34,0,0,0.7861635220125787,0.5,1.0,0.0,0.7861635220125787,0.8802816901408451,159,False,False
clinical_only,er,val,0.19,159,125,34,0,0,0.7861635220125787,0.5,1.0,0.0,0.7861635220125787,0.8802816901408451,159,False,False
clinical_only,er,val,0.2,159,125,34,0,0,0.7861635220125787,0.5,1.0,0.0,0.7861635220125787,0.8802816901408451,159,False,False
clinical_only,er,val,0.21,159,125,34,0,0,0.7861635220125787,0.5,1.0,0.0,0.7861635220125787,0.8802816901408451,159,False,False
clinical_only,er,val,0.22,159,125,34,0,0,0.7861635220125787,0.5,1.0,0.0,0.7861635220125787,0.8802816901408451,159,False,False
clinical_only,er,val,0.23,159,125,34,0,0,0.7861635220125787,0.5,1.0,0.0,0.7861635220125787,0.8802816901408451,159,False,False
clinical_only,er,val,0.24,159,125,34,0,0,0.7861635220125787,0.5,1.0,0.0,0.7861635220125787,0.8802816901408451,159,False,False
clinical_only,er,val,0.25,159,125,34,0,0,0.7861635220125787,0.5,1.0,0.0,0.7861635220125787,0.8802816901408451,159,False,False
clinical_only,er,val,0.26,159,125,34,0,0,0.7861635220125787,0.5,1.0,0.0,0.7861635220125787,0.8802816901408451,159,False,False
clinical_only,er,val,0.27,159,125,34,0,0,0.7861635220125787,0.5,1.0,0.0,0.7861635220125787,0.8802816901408451,159,False,False
clinical_only,er,val,0.28,159,125,34,0,0,0.7861635220125787,0.5,1.0,0.0,0.7861635220125787,0.8802816901408451,159,False,False
clinical_only,er,val,0.29,159,125,34,0,0,0.7861635220125787,0.5,1.0,0.0,0.7861635220125787,0.8802816901408451,159,False,False
clinical_only,er,val,0.3,159,125,34,0,0,0.7861635220125787,0.5,1.0,0.0,0.7861635220125787,0.8802816901408451,159,False,False
clinical_only,er,val,0.31,159,125,34,0,0,0.7861635220125787,0.5,1.0,0.0,0.7861635220125787,0.8802816901408451,159,False,False
clinical_only,er,val,0.32,159,125,34,0,0,0.7861635220125787,0.5,1.0,0.0,0.7861635220125787,0.8802816901408451,159,False,False
clinical_only,er,val,0.33,159,125,34,0,0,0.7861635220125787,0.5,1.0,0.0,0.7861635220125787,0.8802816901408451,159,False,False
clinical_only,er,val,0.34,159,125,34,0,0,0.7861635220125787,0.5,1.0,0.0,0.7861635220125787,0.8802816901408451,159,False,False
clinical_only,er,val,0.35,159,125,34,0,0,0.7861635220125787,0.5,1.0,0.0,0.7861635220125787,0.8802816901408451,159,False,False
clinical_only,er,val,0.36,159,125,34,0,0,0.7861635220125787,0.5,1.0,0.0,0.7861635220125787,0.8802816901408451,159,False,False
clinical_only,er,val,0.37,159,125,34,0,0,0.7861635220125787,0.5,1.0,0.0,0.7861635220125787,0.8802816901408451,159,False,False
clinical_only,er,val,0.38,159,125,34,0,0,0.7861635220125787,0.5,1.0,0.0,0.7861635220125787,0.8802816901408451,159,False,False
clinical_only,er,val,0.39,159,125,34,0,0,0.7861635220125787,0.5,1.0,0.0,0.7861635220125787,0.8802816901408451,159,False,False
clinical_only,er,val,0.4,159,125,34,0,0,0.7861635220125787,0.5,1.0,0.0,0.7861635220125787,0.8802816901408451,159,False,False
clinical_only,er,val,0.41,159,125,34,0,0,0.7861635220125787,0.5,1.0,0.0,0.7861635220125787,0.8802816901408451,159,False,False
clinical_only,er,val,0.42,159,125,34,0,0,0.7861635220125787,0.5,1.0,0.0,0.7861635220125787,0.8802816901408451,159,False,False
clinical_only,er,val,0.43,159,125,34,0,0,0.7861635220125787,0.5,1.0,0.0,0.7861635220125787,0.8802816901408451,159,False,False
clinical_only,er,val,0.44,159,125,34,0,0,0.7861635220125787,0.5,1.0,0.0,0.7861635220125787,0.8802816901408451,159,False,False
clinical_only,er,val,0.45,159,125,34,0,0,0.7861635220125787,0.5,1.0,0.0,0.7861635220125787,0.8802816901408451,159,False,False
clinical_only,er,val,0.46,159,125,34,0,0,0.7861635220125787,0.5,1.0,0.0,0.7861635220125787,0.8802816901408451,159,False,False
clinical_only,er,val,0.47,159,125,34,0,0,0.7861635220125787,0.5,1.0,0.0,0.7861635220125787,0.8802816901408451,159,False,False
clinical_only,er,val,0.48,159,125,34,0,0,0.7861635220125787,0.5,1.0,0.0,0.7861635220125787,0.8802816901408451,159,False,False
clinical_only,er,val,0.49,159,125,34,0,0,0.7861635220125787,0.5,1.0,0.0,0.7861635220125787,0.8802816901408451,159,False,False
clinical_only,er,val,0.5,159,125,34,0,0,0.7861635220125787,0.5,1.0,0.0,0.7861635220125787,0.8802816901408451,159,False,True
clinical_only,er,val,0.51,159,125,34,0,0,0.7861635220125787,0.5,1.0,0.0,0.7861635220125787,0.8802816901408451,159,False,False
clinical_only,er,val,0.52,159,125,34,0,0,0.7861635220125787,0.5,1.0,0.0,0.7861635220125787,0.8802816901408451,159,False,False
clinical_only,er,val,0.53,159,125,34,0,0,0.7861635220125787,0.5,1.0,0.0,0.7861635220125787,0.8802816901408451,159,False,False
clinical_only,er,val,0.54,159,125,34,0,0,0.7861635220125787,0.5,1.0,0.0,0.7861635220125787,0.8802816901408451,159,False,False
clinical_only,er,val,0.55,159,125,34,0,0,0.7861635220125787,0.5,1.0,0.0,0.7861635220125787,0.8802816901408451,159,False,False
clinical_only,er,val,0.56,159,116,25,9,9,0.7861635220125787,0.5963529411764706,0.928,0.2647058823529412,0.8226950354609929,0.8721804511278196,141,False,False
clinical_only,er,val,0.57,159,107,23,11,18,0.7421383647798742,0.589764705882353,0.856,0.3235294117647059,0.823076923076923,0.8392156862745097,130,False,False
clinical_only,er,val,0.58,159,102,22,12,23,0.7169811320754716,0.5844705882352941,0.816,0.35294117647058826,0.8225806451612904,0.8192771084337349,124,False,False
clinical_only,er,val,0.59,159,97,20,14,28,0.6981132075471698,0.5938823529411765,0.776,0.4117647058823529,0.8290598290598291,0.8016528925619835,117,False,False
clinical_only,er,val,0.6,159,92,19,15,33,0.6729559748427673,0.5885882352941176,0.736,0.4411764705882353,0.8288288288288288,0.7796610169491526,111,False,False
clinical_only,er,val,0.61,159,84,16,18,41,0.6415094339622641,0.6007058823529412,0.672,0.5294117647058824,0.84,0.7466666666666666,100,True,False
clinical_only,er,val,0.62,159,72,14,20,53,0.5786163522012578,0.5821176470588235,0.576,0.5882352941176471,0.8372093023255814,0.6824644549763033,86,False,False
clinical_only,er,val,0.63,159,47,8,26,78,0.4591194968553459,0.5703529411764705,0.376,0.7647058823529411,0.8545454545454545,0.5222222222222223,55,False,False
clinical_only,er,val,0.64,159,35,7,27,90,0.389937106918239,0.5370588235294118,0.28,0.7941176470588235,0.8333333333333334,0.41916167664670667,42,False,False
clinical_only,er,val,0.65,159,29,4,30,96,0.3710691823899371,0.5571764705882353,0.232,0.8823529411764706,0.8787878787878788,0.36708860759493667,33,False,False
clinical_only,er,val,0.66,159,16,1,33,109,0.3081761006289308,0.5492941176470588,0.128,0.9705882352941176,0.9411764705882353,0.22535211267605637,17,False,False
clinical_only,er,val,0.67,159,10,1,33,115,0.27044025157232704,0.5252941176470588,0.08,0.9705882352941176,0.9090909090909091,0.14705882352941177,11,False,False
clinical_only,er,val,0.68,159,8,1,33,117,0.2578616352201258,0.5172941176470588,0.064,0.9705882352941176,0.8888888888888888,0.11940298507462685,9,False,False
clinical_only,er,val,0.69,159,7,1,33,118,0.25157232704402516,0.5132941176470588,0.056,0.9705882352941176,0.875,0.10526315789473684,8,False,False
clinical_only,er,val,0.7,159,3,0,34,122,0.23270440251572327,0.512,0.024,1.0,1.0,0.046875,3,False,False
clinical_only,er,val,0.71,159,2,0,34,123,0.22641509433962265,0.508,0.016,1.0,1.0,0.031496062992125984,2,False,False
clinical_only,er,val,0.72,159,1,0,34,124,0.22012578616352202,0.504,0.008,1.0,1.0,0.015873015873015872,1,False,False
clinical_only,er,val,0.73,159,1,0,34,124,0.22012578616352202,0.504,0.008,1.0,1.0,0.015873015873015872,1,False,False
clinical_only,er,val,0.74,159,0,0,34,125,0.2138364779874214,0.5,0.0,1.0,0.0,0.0,0,False,False
clinical_only,er,val,0.75,159,0,0,34,125,0.2138364779874214,0.5,0.0,1.0,0.0,0.0,0,False,False
clinical_only,er,val,0.76,159,0,0,34,125,0.2138364779874214,0.5,0.0,1.0,0.0,0.0,0,False,False
clinical_only,er,val,0.77,159,0,0,34,125,0.2138364779874214,0.5,0.0,1.0,0.0,0.0,0,False,False
clinical_only,er,val,0.78,159,0,0,34,125,0.2138364779874214,0.5,0.0,1.0,0.0,0.0,0,False,False
clinical_only,er,val,0.79,159,0,0,34,125,0.2138364779874214,0.5,0.0,1.0,0.0,0.0,0,False,False
clinical_only,er,val,0.8,159,0,0,34,125,0.2138364779874214,0.5,0.0,1.0,0.0,0.0,0,False,False
clinical_only,er,val,0.81,159,0,0,34,125,0.2138364779874214,0.5,0.0,1.0,0.0,0.0,0,False,False
clinical_only,er,val,0.82,159,0,0,34,125,0.2138364779874214,0.5,0.0,1.0,0.0,0.0,0,False,False
clinical_only,er,val,0.83,159,0,0,34,125,0.2138364779874214,0.5,0.0,1.0,0.0,0.0,0,False,False
clinical_only,er,val,0.84,159,0,0,34,125,0.2138364779874214,0.5,0.0,1.0,0.0,0.0,0,False,False
clinical_only,er,val,0.85,159,0,0,34,125,0.2138364779874214,0.5,0.0,1.0,0.0,0.0,0,False,False
clinical_only,er,val,0.86,159,0,0,34,125,0.2138364779874214,0.5,0.0,1.0,0.0,0.0,0,False,False
clinical_only,er,val,0.87,159,0,0,34,125,0.2138364779874214,0.5,0.0,1.0,0.0,0.0,0,False,False
clinical_only,er,val,0.88,159,0,0,34,125,0.2138364779874214,0.5,0.0,1.0,0.0,0.0,0,False,False
clinical_only,er,val,0.89,159,0,0,34,125,0.2138364779874214,0.5,0.0,1.0,0.0,0.0,0,False,False
clinical_only,er,val,0.9,159,0,0,34,125,0.2138364779874214,0.5,0.0,1.0,0.0,0.0,0,False,False
clinical_only,er,val,0.91,159,0,0,34,125,0.2138364779874214,0.5,0.0,1.0,0.0,0.0,0,False,False
clinical_only,er,val,0.92,159,0,0,34,125,0.2138364779874214,0.5,0.0,1.0,0.0,0.0,0,False,False
clinical_only,er,val,0.93,159,0,0,34,125,0.2138364779874214,0.5,0.0,1.0,0.0,0.0,0,False,False
clinical_only,er,val,0.94,159,0,0,34,125,0.2138364779874214,0.5,0.0,1.0,0.0,0.0,0,False,False
clinical_only,er,val,0.95,159,0,0,34,125,0.2138364779874214,0.5,0.0,1.0,0.0,0.0,0,False,False
clinical_only,er,val,0.96,159,0,0,34,125,0.2138364779874214,0.5,0.0,1.0,0.0,0.0,0,False,False
clinical_only,er,val,0.97,159,0,0,34,125,0.2138364779874214,0.5,0.0,1.0,0.0,0.0,0,False,False
clinical_only,er,val,0.98,159,0,0,34,125,0.2138364779874214,0.5,0.0,1.0,0.0,0.0,0,False,False
clinical_only,er,val,0.99,159,0,0,34,125,0.2138364779874214,0.5,0.0,1.0,0.0,0.0,0,False,False
clinical_only,pr,val,0.01,158,108,50,0,0,0.6835443037974683,0.5,1.0,0.0,0.6835443037974683,0.8120300751879699,158,False,False
clinical_only,pr,val,0.02,158,108,50,0,0,0.6835443037974683,0.5,1.0,0.0,0.6835443037974683,0.8120300751879699,158,False,False
clinical_only,pr,val,0.03,158,108,50,0,0,0.6835443037974683,0.5,1.0,0.0,0.6835443037974683,0.8120300751879699,158,False,False
clinical_only,pr,val,0.04,158,108,50,0,0,0.6835443037974683,0.5,1.0,0.0,0.6835443037974683,0.8120300751879699,158,False,False
clinical_only,pr,val,0.05,158,108,50,0,0,0.6835443037974683,0.5,1.0,0.0,0.6835443037974683,0.8120300751879699,158,False,False
clinical_only,pr,val,0.06,158,108,50,0,0,0.6835443037974683,0.5,1.0,0.0,0.6835443037974683,0.8120300751879699,158,False,False
clinical_only,pr,val,0.07,158,108,50,0,0,0.6835443037974683,0.5,1.0,0.0,0.6835443037974683,0.8120300751879699,158,False,False
clinical_only,pr,val,0.08,158,108,50,0,0,0.6835443037974683,0.5,1.0,0.0,0.6835443037974683,0.8120300751879699,158,False,False
clinical_only,pr,val,0.09,158,108,50,0,0,0.6835443037974683,0.5,1.0,0.0,0.6835443037974683,0.8120300751879699,158,False,False
clinical_only,pr,val,0.1,158,108,50,0,0,0.6835443037974683,0.5,1.0,0.0,0.6835443037974683,0.8120300751879699,158,False,False
clinical_only,pr,val,0.11,158,108,50,0,0,0.6835443037974683,0.5,1.0,0.0,0.6835443037974683,0.8120300751879699,158,False,False
clinical_only,pr,val,0.12,158,108,50,0,0,0.6835443037974683,0.5,1.0,0.0,0.6835443037974683,0.8120300751879699,158,False,False
clinical_only,pr,val,0.13,158,108,50,0,0,0.6835443037974683,0.5,1.0,0.0,0.6835443037974683,0.8120300751879699,158,False,False
clinical_only,pr,val,0.14,158,108,50,0,0,0.6835443037974683,0.5,1.0,0.0,0.6835443037974683,0.8120300751879699,158,False,False
clinical_only,pr,val,0.15,158,108,50,0,0,0.6835443037974683,0.5,1.0,0.0,0.6835443037974683,0.8120300751879699,158,False,False
clinical_only,pr,val,0.16,158,108,50,0,0,0.6835443037974683,0.5,1.0,0.0,0.6835443037974683,0.8120300751879699,158,False,False
clinical_only,pr,val,0.17,158,108,50,0,0,0.6835443037974683,0.5,1.0,0.0,0.6835443037974683,0.8120300751879699,158,False,False
clinical_only,pr,val,0.18,158,108,50,0,0,0.6835443037974683,0.5,1.0,0.0,0.6835443037974683,0.8120300751879699,158,False,False
clinical_only,pr,val,0.19,158,108,50,0,0,0.6835443037974683,0.5,1.0,0.0,0.6835443037974683,0.8120300751879699,158,False,False
clinical_only,pr,val,0.2,158,108,50,0,0,0.6835443037974683,0.5,1.0,0.0,0.6835443037974683,0.8120300751879699,158,False,False
clinical_only,pr,val,0.21,158,108,50,0,0,0.6835443037974683,0.5,1.0,0.0,0.6835443037974683,0.8120300751879699,158,False,False
clinical_only,pr,val,0.22,158,108,50,0,0,0.6835443037974683,0.5,1.0,0.0,0.6835443037974683,0.8120300751879699,158,False,False
clinical_only,pr,val,0.23,158,108,50,0,0,0.6835443037974683,0.5,1.0,0.0,0.6835443037974683,0.8120300751879699,158,False,False
clinical_only,pr,val,0.24,158,108,50,0,0,0.6835443037974683,0.5,1.0,0.0,0.6835443037974683,0.8120300751879699,158,False,False
clinical_only,pr,val,0.25,158,108,50,0,0,0.6835443037974683,0.5,1.0,0.0,0.6835443037974683,0.8120300751879699,158,False,False
clinical_only,pr,val,0.26,158,108,50,0,0,0.6835443037974683,0.5,1.0,0.0,0.6835443037974683,0.8120300751879699,158,False,False
clinical_only,pr,val,0.27,158,108,50,0,0,0.6835443037974683,0.5,1.0,0.0,0.6835443037974683,0.8120300751879699,158,False,False
clinical_only,pr,val,0.28,158,108,50,0,0,0.6835443037974683,0.5,1.0,0.0,0.6835443037974683,0.8120300751879699,158,False,False
clinical_only,pr,val,0.29,158,108,50,0,0,0.6835443037974683,0.5,1.0,0.0,0.6835443037974683,0.8120300751879699,158,False,False
clinical_only,pr,val,0.3,158,108,50,0,0,0.6835443037974683,0.5,1.0,0.0,0.6835443037974683,0.8120300751879699,158,False,False
clinical_only,pr,val,0.31,158,108,50,0,0,0.6835443037974683,0.5,1.0,0.0,0.6835443037974683,0.8120300751879699,158,False,False
clinical_only,pr,val,0.32,158,108,50,0,0,0.6835443037974683,0.5,1.0,0.0,0.6835443037974683,0.8120300751879699,158,False,False
clinical_only,pr,val,0.33,158,108,50,0,0,0.6835443037974683,0.5,1.0,0.0,0.6835443037974683,0.8120300751879699,158,False,False
clinical_only,pr,val,0.34,158,108,50,0,0,0.6835443037974683,0.5,1.0,0.0,0.6835443037974683,0.8120300751879699,158,False,False
clinical_only,pr,val,0.35,158,108,50,0,0,0.6835443037974683,0.5,1.0,0.0,0.6835443037974683,0.8120300751879699,158,False,False
clinical_only,pr,val,0.36,158,108,50,0,0,0.6835443037974683,0.5,1.0,0.0,0.6835443037974683,0.8120300751879699,158,False,False
clinical_only,pr,val,0.37,158,108,50,0,0,0.6835443037974683,0.5,1.0,0.0,0.6835443037974683,0.8120300751879699,158,False,False
clinical_only,pr,val,0.38,158,108,50,0,0,0.6835443037974683,0.5,1.0,0.0,0.6835443037974683,0.8120300751879699,158,False,False
clinical_only,pr,val,0.39,158,108,50,0,0,0.6835443037974683,0.5,1.0,0.0,0.6835443037974683,0.8120300751879699,158,False,False
clinical_only,pr,val,0.4,158,108,50,0,0,0.6835443037974683,0.5,1.0,0.0,0.6835443037974683,0.8120300751879699,158,False,False
clinical_only,pr,val,0.41,158,108,50,0,0,0.6835443037974683,0.5,1.0,0.0,0.6835443037974683,0.8120300751879699,158,False,False
clinical_only,pr,val,0.42,158,108,50,0,0,0.6835443037974683,0.5,1.0,0.0,0.6835443037974683,0.8120300751879699,158,False,False
clinical_only,pr,val,0.43,158,108,50,0,0,0.6835443037974683,0.5,1.0,0.0,0.6835443037974683,0.8120300751879699,158,False,False
clinical_only,pr,val,0.44,158,108,50,0,0,0.6835443037974683,0.5,1.0,0.0,0.6835443037974683,0.8120300751879699,158,False,False
clinical_only,pr,val,0.45,158,108,50,0,0,0.6835443037974683,0.5,1.0,0.0,0.6835443037974683,0.8120300751879699,158,False,False
clinical_only,pr,val,0.46,158,108,50,0,0,0.6835443037974683,0.5,1.0,0.0,0.6835443037974683,0.8120300751879699,158,False,False
clinical_only,pr,val,0.47,158,108,50,0,0,0.6835443037974683,0.5,1.0,0.0,0.6835443037974683,0.8120300751879699,158,False,False
clinical_only,pr,val,0.48,158,108,50,0,0,0.6835443037974683,0.5,1.0,0.0,0.6835443037974683,0.8120300751879699,158,False,False
clinical_only,pr,val,0.49,158,108,50,0,0,0.6835443037974683,0.5,1.0,0.0,0.6835443037974683,0.8120300751879699,158,False,False
clinical_only,pr,val,0.5,158,108,50,0,0,0.6835443037974683,0.5,1.0,0.0,0.6835443037974683,0.8120300751879699,158,False,True
clinical_only,pr,val,0.51,158,105,47,3,3,0.6835443037974683,0.5161111111111111,0.9722222222222222,0.06,0.6907894736842105,0.8076923076923077,152,False,False
clinical_only,pr,val,0.52,158,98,40,10,10,0.6835443037974683,0.5537037037037037,0.9074074074074074,0.2,0.7101449275362319,0.7967479674796749,138,False,False
clinical_only,pr,val,0.53,158,91,36,14,17,0.6645569620253164,0.5612962962962963,0.8425925925925926,0.28,0.7165354330708661,0.774468085106383,127,False,False
clinical_only,pr,val,0.54,158,85,30,20,23,0.6645569620253164,0.5935185185185186,0.7870370370370371,0.4,0.7391304347826086,0.7623318385650225,115,True,False
clinical_only,pr,val,0.55,158,75,29,21,33,0.6075949367088608,0.5572222222222222,0.6944444444444444,0.42,0.7211538461538461,0.7075471698113208,104,False,False
clinical_only,pr,val,0.56,158,62,24,26,46,0.5569620253164557,0.547037037037037,0.5740740740740741,0.52,0.7209302325581395,0.6391752577319588,86,False,False
clinical_only,pr,val,0.57,158,39,16,34,69,0.4620253164556962,0.5205555555555555,0.3611111111111111,0.68,0.7090909090909091,0.4785276073619632,55,False,False
clinical_only,pr,val,0.58,158,30,14,36,78,0.4177215189873418,0.4988888888888889,0.2777777777777778,0.72,0.6818181818181818,0.39473684210526316,44,False,False
clinical_only,pr,val,0.59,158,21,10,40,87,0.3860759493670886,0.49722222222222223,0.19444444444444445,0.8,0.6774193548387096,0.302158273381295,31,False,False
clinical_only,pr,val,0.6,158,14,6,44,94,0.3670886075949367,0.5048148148148148,0.12962962962962962,0.88,0.7,0.21875,20,False,False
clinical_only,pr,val,0.61,158,7,3,47,101,0.34177215189873417,0.5024074074074074,0.06481481481481481,0.94,0.7,0.11864406779661017,10,False,False
clinical_only,pr,val,0.62,158,1,1,49,107,0.31645569620253167,0.49462962962962964,0.009259259259259259,0.98,0.5,0.01818181818181818,2,False,False
clinical_only,pr,val,0.63,158,1,1,49,107,0.31645569620253167,0.49462962962962964,0.009259259259259259,0.98,0.5,0.01818181818181818,2,False,False
clinical_only,pr,val,0.64,158,1,1,49,107,0.31645569620253167,0.49462962962962964,0.009259259259259259,0.98,0.5,0.01818181818181818,2,False,False
clinical_only,pr,val,0.65,158,1,1,49,107,0.31645569620253167,0.49462962962962964,0.009259259259259259,0.98,0.5,0.01818181818181818,2,False,False
clinical_only,pr,val,0.66,158,0,0,50,108,0.31645569620253167,0.5,0.0,1.0,0.0,0.0,0,False,False
clinical_only,pr,val,0.67,158,0,0,50,108,0.31645569620253167,0.5,0.0,1.0,0.0,0.0,0,False,False
clinical_only,pr,val,0.68,158,0,0,50,108,0.31645569620253167,0.5,0.0,1.0,0.0,0.0,0,False,False
clinical_only,pr,val,0.69,158,0,0,50,108,0.31645569620253167,0.5,0.0,1.0,0.0,0.0,0,False,False
clinical_only,pr,val,0.7,158,0,0,50,108,0.31645569620253167,0.5,0.0,1.0,0.0,0.0,0,False,False
clinical_only,pr,val,0.71,158,0,0,50,108,0.31645569620253167,0.5,0.0,1.0,0.0,0.0,0,False,False
clinical_only,pr,val,0.72,158,0,0,50,108,0.31645569620253167,0.5,0.0,1.0,0.0,0.0,0,False,False
clinical_only,pr,val,0.73,158,0,0,50,108,0.31645569620253167,0.5,0.0,1.0,0.0,0.0,0,False,False
clinical_only,pr,val,0.74,158,0,0,50,108,0.31645569620253167,0.5,0.0,1.0,0.0,0.0,0,False,False
clinical_only,pr,val,0.75,158,0,0,50,108,0.31645569620253167,0.5,0.0,1.0,0.0,0.0,0,False,False
clinical_only,pr,val,0.76,158,0,0,50,108,0.31645569620253167,0.5,0.0,1.0,0.0,0.0,0,False,False
clinical_only,pr,val,0.77,158,0,0,50,108,0.31645569620253167,0.5,0.0,1.0,0.0,0.0,0,False,False
clinical_only,pr,val,0.78,158,0,0,50,108,0.31645569620253167,0.5,0.0,1.0,0.0,0.0,0,False,False
clinical_only,pr,val,0.79,158,0,0,50,108,0.31645569620253167,0.5,0.0,1.0,0.0,0.0,0,False,False
clinical_only,pr,val,0.8,158,0,0,50,108,0.31645569620253167,0.5,0.0,1.0,0.0,0.0,0,False,False
clinical_only,pr,val,0.81,158,0,0,50,108,0.31645569620253167,0.5,0.0,1.0,0.0,0.0,0,False,False
clinical_only,pr,val,0.82,158,0,0,50,108,0.31645569620253167,0.5,0.0,1.0,0.0,0.0,0,False,False
clinical_only,pr,val,0.83,158,0,0,50,108,0.31645569620253167,0.5,0.0,1.0,0.0,0.0,0,False,False
clinical_only,pr,val,0.84,158,0,0,50,108,0.31645569620253167,0.5,0.0,1.0,0.0,0.0,0,False,False
clinical_only,pr,val,0.85,158,0,0,50,108,0.31645569620253167,0.5,0.0,1.0,0.0,0.0,0,False,False
clinical_only,pr,val,0.86,158,0,0,50,108,0.31645569620253167,0.5,0.0,1.0,0.0,0.0,0,False,False
clinical_only,pr,val,0.87,158,0,0,50,108,0.31645569620253167,0.5,0.0,1.0,0.0,0.0,0,False,False
clinical_only,pr,val,0.88,158,0,0,50,108,0.31645569620253167,0.5,0.0,1.0,0.0,0.0,0,False,False
clinical_only,pr,val,0.89,158,0,0,50,108,0.31645569620253167,0.5,0.0,1.0,0.0,0.0,0,False,False
clinical_only,pr,val,0.9,158,0,0,50,108,0.31645569620253167,0.5,0.0,1.0,0.0,0.0,0,False,False
clinical_only,pr,val,0.91,158,0,0,50,108,0.31645569620253167,0.5,0.0,1.0,0.0,0.0,0,False,False
clinical_only,pr,val,0.92,158,0,0,50,108,0.31645569620253167,0.5,0.0,1.0,0.0,0.0,0,False,False
clinical_only,pr,val,0.93,158,0,0,50,108,0.31645569620253167,0.5,0.0,1.0,0.0,0.0,0,False,False
clinical_only,pr,val,0.94,158,0,0,50,108,0.31645569620253167,0.5,0.0,1.0,0.0,0.0,0,False,False
clinical_only,pr,val,0.95,158,0,0,50,108,0.31645569620253167,0.5,0.0,1.0,0.0,0.0,0,False,False
clinical_only,pr,val,0.96,158,0,0,50,108,0.31645569620253167,0.5,0.0,1.0,0.0,0.0,0,False,False
clinical_only,pr,val,0.97,158,0,0,50,108,0.31645569620253167,0.5,0.0,1.0,0.0,0.0,0,False,False
clinical_only,pr,val,0.98,158,0,0,50,108,0.31645569620253167,0.5,0.0,1.0,0.0,0.0,0,False,False
clinical_only,pr,val,0.99,158,0,0,50,108,0.31645569620253167,0.5,0.0,1.0,0.0,0.0,0,False,False
clinical_only,her2,val,0.01,148,19,129,0,0,0.12837837837837837,0.5,1.0,0.0,0.12837837837837837,0.22754491017964074,148,False,False
clinical_only,her2,val,0.02,148,19,129,0,0,0.12837837837837837,0.5,1.0,0.0,0.12837837837837837,0.22754491017964074,148,False,False
clinical_only,her2,val,0.03,148,19,129,0,0,0.12837837837837837,0.5,1.0,0.0,0.12837837837837837,0.22754491017964074,148,False,False
clinical_only,her2,val,0.04,148,19,129,0,0,0.12837837837837837,0.5,1.0,0.0,0.12837837837837837,0.22754491017964074,148,False,False
clinical_only,her2,val,0.05,148,19,129,0,0,0.12837837837837837,0.5,1.0,0.0,0.12837837837837837,0.22754491017964074,148,False,False
clinical_only,her2,val,0.06,148,19,129,0,0,0.12837837837837837,0.5,1.0,0.0,0.12837837837837837,0.22754491017964074,148,False,False
clinical_only,her2,val,0.07,148,19,129,0,0,0.12837837837837837,0.5,1.0,0.0,0.12837837837837837,0.22754491017964074,148,False,False
clinical_only,her2,val,0.08,148,19,129,0,0,0.12837837837837837,0.5,1.0,0.0,0.12837837837837837,0.22754491017964074,148,False,False
clinical_only,her2,val,0.09,148,19,129,0,0,0.12837837837837837,0.5,1.0,0.0,0.12837837837837837,0.22754491017964074,148,False,False
clinical_only,her2,val,0.1,148,19,129,0,0,0.12837837837837837,0.5,1.0,0.0,0.12837837837837837,0.22754491017964074,148,False,False
clinical_only,her2,val,0.11,148,19,129,0,0,0.12837837837837837,0.5,1.0,0.0,0.12837837837837837,0.22754491017964074,148,False,False
clinical_only,her2,val,0.12,148,19,129,0,0,0.12837837837837837,0.5,1.0,0.0,0.12837837837837837,0.22754491017964074,148,False,False
clinical_only,her2,val,0.13,148,19,129,0,0,0.12837837837837837,0.5,1.0,0.0,0.12837837837837837,0.22754491017964074,148,False,False
clinical_only,her2,val,0.14,148,19,129,0,0,0.12837837837837837,0.5,1.0,0.0,0.12837837837837837,0.22754491017964074,148,False,False
clinical_only,her2,val,0.15,148,19,129,0,0,0.12837837837837837,0.5,1.0,0.0,0.12837837837837837,0.22754491017964074,148,False,False
clinical_only,her2,val,0.16,148,19,129,0,0,0.12837837837837837,0.5,1.0,0.0,0.12837837837837837,0.22754491017964074,148,False,False
clinical_only,her2,val,0.17,148,19,129,0,0,0.12837837837837837,0.5,1.0,0.0,0.12837837837837837,0.22754491017964074,148,False,False
clinical_only,her2,val,0.18,148,19,129,0,0,0.12837837837837837,0.5,1.0,0.0,0.12837837837837837,0.22754491017964074,148,False,False
clinical_only,her2,val,0.19,148,19,129,0,0,0.12837837837837837,0.5,1.0,0.0,0.12837837837837837,0.22754491017964074,148,False,False
clinical_only,her2,val,0.2,148,19,129,0,0,0.12837837837837837,0.5,1.0,0.0,0.12837837837837837,0.22754491017964074,148,False,False
clinical_only,her2,val,0.21,148,19,129,0,0,0.12837837837837837,0.5,1.0,0.0,0.12837837837837837,0.22754491017964074,148,False,False
clinical_only,her2,val,0.22,148,19,129,0,0,0.12837837837837837,0.5,1.0,0.0,0.12837837837837837,0.22754491017964074,148,False,False
clinical_only,her2,val,0.23,148,19,129,0,0,0.12837837837837837,0.5,1.0,0.0,0.12837837837837837,0.22754491017964074,148,False,False
clinical_only,her2,val,0.24,148,19,129,0,0,0.12837837837837837,0.5,1.0,0.0,0.12837837837837837,0.22754491017964074,148,False,False
clinical_only,her2,val,0.25,148,19,129,0,0,0.12837837837837837,0.5,1.0,0.0,0.12837837837837837,0.22754491017964074,148,False,False
clinical_only,her2,val,0.26,148,19,129,0,0,0.12837837837837837,0.5,1.0,0.0,0.12837837837837837,0.22754491017964074,148,False,False
clinical_only,her2,val,0.27,148,19,128,1,0,0.13513513513513514,0.5038759689922481,1.0,0.007751937984496124,0.1292517006802721,0.22891566265060243,147,False,False
clinical_only,her2,val,0.28,148,19,125,4,0,0.1554054054054054,0.5155038759689923,1.0,0.031007751937984496,0.13194444444444445,0.23312883435582823,144,False,False
clinical_only,her2,val,0.29,148,19,117,12,0,0.20945945945945946,0.5465116279069767,1.0,0.09302325581395349,0.13970588235294118,0.24516129032258066,136,False,False
clinical_only,her2,val,0.3,148,17,95,34,2,0.34459459459459457,0.5791513667890658,0.8947368421052632,0.26356589147286824,0.15178571428571427,0.25954198473282436,112,False,False
clinical_only,her2,val,0.31,148,12,78,51,7,0.42567567567567566,0.5134638922888617,0.631578947368421,0.3953488372093023,0.13333333333333333,0.22018348623853212,90,False,False
clinical_only,her2,val,0.32,148,12,59,70,7,0.5540540540540541,0.5871073031415748,0.631578947368421,0.5426356589147286,0.16901408450704225,0.26666666666666666,71,True,True
clinical_only,her2,val,0.33,148,6,38,91,13,0.6554054054054054,0.5106079151366789,0.3157894736842105,0.7054263565891473,0.13636363636363635,0.19047619047619047,44,False,False
clinical_only,her2,val,0.34,148,4,31,98,15,0.6891891891891891,0.4851081191350469,0.21052631578947367,0.7596899224806202,0.11428571428571428,0.14814814814814814,35,False,False
clinical_only,her2,val,0.35,148,2,18,111,17,0.7635135135135135,0.4828641370869033,0.10526315789473684,0.8604651162790697,0.1,0.10256410256410256,20,False,False
clinical_only,her2,val,0.36,148,2,10,119,17,0.8175675675675675,0.5138718890248878,0.10526315789473684,0.9224806201550387,0.16666666666666666,0.12903225806451615,12,False,False
clinical_only,her2,val,0.37,148,0,8,121,19,0.8175675675675675,0.4689922480620155,0.0,0.937984496124031,0.0,0.0,8,False,False
clinical_only,her2,val,0.38,148,0,7,122,19,0.8243243243243243,0.4728682170542636,0.0,0.9457364341085271,0.0,0.0,7,False,False
clinical_only,her2,val,0.39,148,0,7,122,19,0.8243243243243243,0.4728682170542636,0.0,0.9457364341085271,0.0,0.0,7,False,False
clinical_only,her2,val,0.4,148,0,7,122,19,0.8243243243243243,0.4728682170542636,0.0,0.9457364341085271,0.0,0.0,7,False,False
clinical_only,her2,val,0.41,148,0,6,123,19,0.831081081081081,0.47674418604651164,0.0,0.9534883720930233,0.0,0.0,6,False,False
clinical_only,her2,val,0.42,148,0,4,125,19,0.8445945945945946,0.4844961240310077,0.0,0.9689922480620154,0.0,0.0,4,False,False
clinical_only,her2,val,0.43,148,0,0,129,19,0.8716216216216216,0.5,0.0,1.0,0.0,0.0,0,False,False
clinical_only,her2,val,0.44,148,0,0,129,19,0.8716216216216216,0.5,0.0,1.0,0.0,0.0,0,False,False
clinical_only,her2,val,0.45,148,0,0,129,19,0.8716216216216216,0.5,0.0,1.0,0.0,0.0,0,False,False
clinical_only,her2,val,0.46,148,0,0,129,19,0.8716216216216216,0.5,0.0,1.0,0.0,0.0,0,False,False
clinical_only,her2,val,0.47,148,0,0,129,19,0.8716216216216216,0.5,0.0,1.0,0.0,0.0,0,False,False
clinical_only,her2,val,0.48,148,0,0,129,19,0.8716216216216216,0.5,0.0,1.0,0.0,0.0,0,False,False
clinical_only,her2,val,0.49,148,0,0,129,19,0.8716216216216216,0.5,0.0,1.0,0.0,0.0,0,False,False
clinical_only,her2,val,0.5,148,0,0,129,19,0.8716216216216216,0.5,0.0,1.0,0.0,0.0,0,False,False
clinical_only,her2,val,0.51,148,0,0,129,19,0.8716216216216216,0.5,0.0,1.0,0.0,0.0,0,False,False
clinical_only,her2,val,0.52,148,0,0,129,19,0.8716216216216216,0.5,0.0,1.0,0.0,0.0,0,False,False
clinical_only,her2,val,0.53,148,0,0,129,19,0.8716216216216216,0.5,0.0,1.0,0.0,0.0,0,False,False
clinical_only,her2,val,0.54,148,0,0,129,19,0.8716216216216216,0.5,0.0,1.0,0.0,0.0,0,False,False
clinical_only,her2,val,0.55,148,0,0,129,19,0.8716216216216216,0.5,0.0,1.0,0.0,0.0,0,False,False
clinical_only,her2,val,0.56,148,0,0,129,19,0.8716216216216216,0.5,0.0,1.0,0.0,0.0,0,False,False
clinical_only,her2,val,0.57,148,0,0,129,19,0.8716216216216216,0.5,0.0,1.0,0.0,0.0,0,False,False
clinical_only,her2,val,0.58,148,0,0,129,19,0.8716216216216216,0.5,0.0,1.0,0.0,0.0,0,False,False
clinical_only,her2,val,0.59,148,0,0,129,19,0.8716216216216216,0.5,0.0,1.0,0.0,0.0,0,False,False
clinical_only,her2,val,0.6,148,0,0,129,19,0.8716216216216216,0.5,0.0,1.0,0.0,0.0,0,False,False
clinical_only,her2,val,0.61,148,0,0,129,19,0.8716216216216216,0.5,0.0,1.0,0.0,0.0,0,False,False
clinical_only,her2,val,0.62,148,0,0,129,19,0.8716216216216216,0.5,0.0,1.0,0.0,0.0,0,False,False
clinical_only,her2,val,0.63,148,0,0,129,19,0.8716216216216216,0.5,0.0,1.0,0.0,0.0,0,False,False
clinical_only,her2,val,0.64,148,0,0,129,19,0.8716216216216216,0.5,0.0,1.0,0.0,0.0,0,False,False
clinical_only,her2,val,0.65,148,0,0,129,19,0.8716216216216216,0.5,0.0,1.0,0.0,0.0,0,False,False
clinical_only,her2,val,0.66,148,0,0,129,19,0.8716216216216216,0.5,0.0,1.0,0.0,0.0,0,False,False
clinical_only,her2,val,0.67,148,0,0,129,19,0.8716216216216216,0.5,0.0,1.0,0.0,0.0,0,False,False
clinical_only,her2,val,0.68,148,0,0,129,19,0.8716216216216216,0.5,0.0,1.0,0.0,0.0,0,False,False
clinical_only,her2,val,0.69,148,0,0,129,19,0.8716216216216216,0.5,0.0,1.0,0.0,0.0,0,False,False
clinical_only,her2,val,0.7,148,0,0,129,19,0.8716216216216216,0.5,0.0,1.0,0.0,0.0,0,False,False
clinical_only,her2,val,0.71,148,0,0,129,19,0.8716216216216216,0.5,0.0,1.0,0.0,0.0,0,False,False
clinical_only,her2,val,0.72,148,0,0,129,19,0.8716216216216216,0.5,0.0,1.0,0.0,0.0,0,False,False
clinical_only,her2,val,0.73,148,0,0,129,19,0.8716216216216216,0.5,0.0,1.0,0.0,0.0,0,False,False
clinical_only,her2,val,0.74,148,0,0,129,19,0.8716216216216216,0.5,0.0,1.0,0.0,0.0,0,False,False
clinical_only,her2,val,0.75,148,0,0,129,19,0.8716216216216216,0.5,0.0,1.0,0.0,0.0,0,False,False
clinical_only,her2,val,0.76,148,0,0,129,19,0.8716216216216216,0.5,0.0,1.0,0.0,0.0,0,False,False
clinical_only,her2,val,0.77,148,0,0,129,19,0.8716216216216216,0.5,0.0,1.0,0.0,0.0,0,False,False
clinical_only,her2,val,0.78,148,0,0,129,19,0.8716216216216216,0.5,0.0,1.0,0.0,0.0,0,False,False
clinical_only,her2,val,0.79,148,0,0,129,19,0.8716216216216216,0.5,0.0,1.0,0.0,0.0,0,False,False
clinical_only,her2,val,0.8,148,0,0,129,19,0.8716216216216216,0.5,0.0,1.0,0.0,0.0,0,False,False
clinical_only,her2,val,0.81,148,0,0,129,19,0.8716216216216216,0.5,0.0,1.0,0.0,0.0,0,False,False
clinical_only,her2,val,0.82,148,0,0,129,19,0.8716216216216216,0.5,0.0,1.0,0.0,0.0,0,False,False
clinical_only,her2,val,0.83,148,0,0,129,19,0.8716216216216216,0.5,0.0,1.0,0.0,0.0,0,False,False
clinical_only,her2,val,0.84,148,0,0,129,19,0.8716216216216216,0.5,0.0,1.0,0.0,0.0,0,False,False
clinical_only,her2,val,0.85,148,0,0,129,19,0.8716216216216216,0.5,0.0,1.0,0.0,0.0,0,False,False
clinical_only,her2,val,0.86,148,0,0,129,19,0.8716216216216216,0.5,0.0,1.0,0.0,0.0,0,False,False
clinical_only,her2,val,0.87,148,0,0,129,19,0.8716216216216216,0.5,0.0,1.0,0.0,0.0,0,False,False
clinical_only,her2,val,0.88,148,0,0,129,19,0.8716216216216216,0.5,0.0,1.0,0.0,0.0,0,False,False
clinical_only,her2,val,0.89,148,0,0,129,19,0.8716216216216216,0.5,0.0,1.0,0.0,0.0,0,False,False
clinical_only,her2,val,0.9,148,0,0,129,19,0.8716216216216216,0.5,0.0,1.0,0.0,0.0,0,False,False
clinical_only,her2,val,0.91,148,0,0,129,19,0.8716216216216216,0.5,0.0,1.0,0.0,0.0,0,False,False
clinical_only,her2,val,0.92,148,0,0,129,19,0.8716216216216216,0.5,0.0,1.0,0.0,0.0,0,False,False
clinical_only,her2,val,0.93,148,0,0,129,19,0.8716216216216216,0.5,0.0,1.0,0.0,0.0,0,False,False
clinical_only,her2,val,0.94,148,0,0,129,19,0.8716216216216216,0.5,0.0,1.0,0.0,0.0,0,False,False
clinical_only,her2,val,0.95,148,0,0,129,19,0.8716216216216216,0.5,0.0,1.0,0.0,0.0,0,False,False
clinical_only,her2,val,0.96,148,0,0,129,19,0.8716216216216216,0.5,0.0,1.0,0.0,0.0,0,False,False
clinical_only,her2,val,0.97,148,0,0,129,19,0.8716216216216216,0.5,0.0,1.0,0.0,0.0,0,False,False
clinical_only,her2,val,0.98,148,0,0,129,19,0.8716216216216216,0.5,0.0,1.0,0.0,0.0,0,False,False
clinical_only,her2,val,0.99,148,0,0,129,19,0.8716216216216216,0.5,0.0,1.0,0.0,0.0,0,False,False
